"ISO3","Name","1995","1996","1997","1998","1999","2000","2001","2002","2003","2004","2005","2006","2007","2008","2009","2010","2011","2012","2013","2014","2015","2016","2017","2018","2019","2020","2021","2022","2023","2024"
"AFG","Afghanistan",,,,,,,,,,,,,,,,,,,,,,,,,,,,0.299806286140704,0.299806286140704,0.299806286140704
"ALB","Albania",,,,,,,,,,,,,,,,,,,,,,,,,,,,0.474763657510259,0.474763657510259,0.474763657510259
"DZA","Algeria",,,,,,,,,,,,,,,,,,,,,,,,,,,,0.415024963429613,0.415024963429613,0.415024963429613
"AND","Andorra",,,,,,,,,,,,,,,,,,,,,,,,,,,,,,
"AGO","Angola",,,,,,,,,,,,,,,,,,,,,,,,,,,,0.21666775730134,0.21666775730134,0.21666775730134
"ATG","Antigua and Barbuda",,,,,,,,,,,,,,,,,,,,,,,,,,,,0.382436737148268,0.382436737148268,0.382436737148268
"ARG","Argentina",,,,,,,,,,,,,,,,,,,,,,,,,,,,0.382436737148268,0.382436737148268,0.382436737148268
"ARM","Armenia",,,,,,,,,,,,,,,,,,,,,,,,,,,,0.4934155027348,0.4934155027348,0.4934155027348
"AUS","Australia",,,,,,,,,,,,,,,,,,,,,,,,,,,,0.575566476745486,0.575566476745486,0.575566476745486
"AUT","Austria",,,,,,,,,,,,,,,,,,,,,,,,,,,,0.575566476745486,0.575566476745486,0.575566476745486
"AZE","Azerbaijan",,,,,,,,,,,,,,,,,,,,,,,,,,,,0.481989017166174,0.481989017166174,0.481989017166174
"BHS","Bahamas",,,,,,,,,,,,,,,,,,,,,,,,,,,,0.382436737148268,0.382436737148268,0.382436737148268
"BHR","Bahrain",,,,,,,,,,,,,,,,,,,,,,,,,,,,0.519665397522931,0.519665397522931,0.519665397522931
"BGD","Bangladesh",,,,,,,,,,,,,,,,,,,,,,,,,,,,0.331004005862124,0.331004005862124,0.262195497418596
"BRB","Barbados",,,,,,,,,,,,,,,,,,,,,,,,,,,,0.344851655733755,0.344851655733755,0.365662391731519
"BLR","Belarus",,,,,,,,,,,,,,,,,,,,,,,,,,,,0.474763657510259,0.474763657510259,0.474763657510259
"BEL","Belgium",,,,,,,,,,,,,,,,,,,,,,,,,,,,0.560740209673978,0.560740209673978,0.560740209673978
"BLZ","Belize",,,,,,,,,,,,,,,,,,,,,,,,,,,,0.382436737148268,0.382436737148268,0.382436737148268
"BEN","Benin",,,,,,,,,,,,,,,,,,,,,,,,,,,,0.391510383799348,0.391510383799348,0.391510383799348
"BTN","Bhutan",,,,,,,,,,,,,,,,,,,,,,,,,,,,0.285334437050643,0.285334437050643,0.285334437050643
"BOL","Bolivia, Plurinational State of",,,,,,,,,,,,,,,,,,,,,,,,,,,,0.382436737148268,0.382436737148268,0.382436737148268
"BIH","Bosnia and Herzegovina",,,,,,,,,,,,,,,,,,,,,,,,,,,,0.363537258484525,0.363537258484525,0.33971765169315
"BWA","Botswana",,,,,,,,,,,,,,,,,,,,,,,,,,,,0.399712138889612,0.399712138889612,0.336488184944619
"BRA","Brazil",,,,,,,,,,,,,,,,,,,,,,,,,,,,0.382436737148268,0.382436737148268,0.382436737148268
"BRN","Brunei Darussalam",,,,,,,,,,,,,,,,,,,,,,,,,,,,0.268921672381725,0.268921672381725,0.268921672381725
"BGR","Bulgaria",,,,,,,,,,,,,,,,,,,,,,,,,,,,0.572132724924705,0.572132724924705,0.545100272163913
"BFA","Burkina Faso",,,,,,,,,,,,,,,,,,,,,,,,,,,,0.252537512218684,0.252537512218684,0.252537512218684
"BDI","Burundi",,,,,,,,,,,,,,,,,,,,,,,,,,,,0.247391886824446,0.247391886824446,0.247391886824446
"KHM","Cambodia",,,,,,,,,,,,,,,,,,,,,,,,,,,,0.297349945759501,0.297349945759501,0.295926679585522
"CMR","Cameroon",,,,,,,,,,,,,,,,,,,,,,,,,,,,0.240070771682666,0.240070771682666,0.240070771682666
"CAN","Canada",,,,,,,,,,,,,,,,,,,,,,,,,,,,0.599392961976897,0.599392961976897,0.599392961976897
"CPV","Cape Verde",,,,,,,,,,,,,,,,,,,,,,,,,,,,0.256388406457195,0.256388406457195,0.256388406457195
"CAF","Central African Republic",,,,,,,,,,,,,,,,,,,,,,,,,,,,0.0728320895062495,0.0728320895062495,0.024549324556711
"TCD","Chad",,,,,,,,,,,,,,,,,,,,,,,,,,,,0.140799841878186,0.140799841878186,0.0503301579144617
"CHL","Chile",,,,,,,,,,,,,,,,,,,,,,,,,,,,0.575566476745486,0.575566476745486,0.575566476745486
"CHN","China",,,,,,,,,,,,,,,,,,,,,,,,,,,,0.268921672381725,0.268921672381725,0.268921672381725
"COL","Colombia",,,,,,,,,,,,,,,,,,,,,,,,,,,,0.541119205298626,0.541119205298626,0.535674957948254
"COM","Comoros",,,,,,,,,,,,,,,,,,,,,,,,,,,,0.247391886824446,0.247391886824446,0.247391886824446
"COG","Congo",,,,,,,,,,,,,,,,,,,,,,,,,,,,0.0855857764852493,0.0855857764852493,0.0855857764852493
"COD","Congo, the Democratic Republic o",,,,,,,,,,,,,,,,,,,,,,,,,,,,0.163996102332071,0.163996102332071,0.163996102332071
"CRI","Costa Rica",,,,,,,,,,,,,,,,,,,,,,,,,,,,0.433063093285679,0.433063093285679,0.466109894577072
"CIV","Cote d'Ivoire",,,,,,,,,,,,,,,,,,,,,,,,,,,,0.276763155114675,0.276763155114675,0.300811320568784
"HRV","Croatia",,,,,,,,,,,,,,,,,,,,,,,,,,,,0.55590125993237,0.55590125993237,0.603416350315228
"CUB","Cuba",,,,,,,,,,,,,,,,,,,,,,,,,,,,,,
"CYP","Cyprus",,,,,,,,,,,,,,,,,,,,,,,,,,,,0.426829292969694,0.426829292969694,0.426829292969694
"CZE","Czech Republic",,,,,,,,,,,,,,,,,,,,,,,,,,,,0.605978128310144,0.605978128310144,0.605978128310144
"DNK","Denmark",,,,,,,,,,,,,,,,,,,,,,,,,,,,0.575566476745486,0.575566476745486,0.575566476745486
"DJI","Djibouti",,,,,,,,,,,,,,,,,,,,,,,,,,,,0.415024963429613,0.415024963429613,0.415024963429613
"DMA","Dominica",,,,,,,,,,,,,,,,,,,,,,,,,,,,,,
"DOM","Dominican Republic",,,,,,,,,,,,,,,,,,,,,,,,,,,,0.382436737148268,0.382436737148268,0.382436737148268
"ECU","Ecuador",,,,,,,,,,,,,,,,,,,,,,,,,,,,0.379524687611331,0.379524687611331,0.379524687611331
"EGY","Egypt",,,,,,,,,,,,,,,,,,,,,,,,,,,,0.415024963429613,0.415024963429613,0.415024963429613
"SLV","El Salvador",,,,,,,,,,,,,,,,,,,,,,,,,,,,0.28508389100996,0.28508389100996,0.277568274181139
"GNQ","Equatorial Guinea",,,,,,,,,,,,,,,,,,,,,,,,,,,,0,0,0
"ERI","Eritrea",,,,,,,,,,,,,,,,,,,,,,,,,,,,,,
"EST","Estonia",,,,,,,,,,,,,,,,,,,,,,,,,,,,0.631192582796614,0.631192582796614,0.637695185458794
"ETH","Ethiopia",,,,,,,,,,,,,,,,,,,,,,,,,,,,0.247391886824446,0.247391886824446,0.247391886824446
"FJI","Fiji",,,,,,,,,,,,,,,,,,,,,,,,,,,,0.268921672381725,0.268921672381725,0.268921672381725
"FIN","Finland",,,,,,,,,,,,,,,,,,,,,,,,,,,,0.575566476745486,0.575566476745486,0.575566476745486
"FRA","France",,,,,,,,,,,,,,,,,,,,,,,,,,,,0.575566476745486,0.575566476745486,0.575566476745486
"GAB","Gabon",,,,,,,,,,,,,,,,,,,,,,,,,,,,0.247391886824446,0.247391886824446,0.247391886824446
"GMB","Gambia",,,,,,,,,,,,,,,,,,,,,,,,,,,,0.0842912945126824,0.0842912945126824,0.110892583806054
"GEO","Georgia",,,,,,,,,,,,,,,,,,,,,,,,,,,,0.627736838287576,0.627736838287576,0.624959918190585
"DEU","Germany",,,,,,,,,,,,,,,,,,,,,,,,,,,,0.575566476745486,0.575566476745486,0.575566476745486
"GHA","Ghana",,,,,,,,,,,,,,,,,,,,,,,,,,,,0.330188449522258,0.330188449522258,0.338964448396859
"GRC","Greece",,,,,,,,,,,,,,,,,,,,,,,,,,,,0.487663743469537,0.487663743469537,0.534611616906763
"GRD","Grenada",,,,,,,,,,,,,,,,,,,,,,,,,,,,0.382436737148268,0.382436737148268,0.382436737148268
"GTM","Guatemala",,,,,,,,,,,,,,,,,,,,,,,,,,,,0.382436737148268,0.382436737148268,0.382436737148268
"GIN","Guinea",,,,,,,,,,,,,,,,,,,,,,,,,,,,0.247391886824446,0.247391886824446,0.247391886824446
"GNB","Guinea-Bissau",,,,,,,,,,,,,,,,,,,,,,,,,,,,0.247391886824446,0.247391886824446,0.247391886824446
"GUY","Guyana",,,,,,,,,,,,,,,,,,,,,,,,,,,,0.382436737148268,0.382436737148268,0.382436737148268
"HTI","Haiti",,,,,,,,,,,,,,,,,,,,,,,,,,,,,,
"HND","Honduras",,,,,,,,,,,,,,,,,,,,,,,,,,,,0.382436737148268,0.382436737148268,0.382436737148268
"HUN","Hungary",,,,,,,,,,,,,,,,,,,,,,,,,,,,0.589613765150699,0.589613765150699,0.56602063686482
"ISL","Iceland",,,,,,,,,,,,,,,,,,,,,,,,,,,,0.446501839713209,0.446501839713209,0.446501839713209
"IND","India",,,,,,,,,,,,,,,,,,,,,,,,,,,,0.299806286140704,0.299806286140704,0.299806286140704
"IDN","Indonesia",,,,,,,,,,,,,,,,,,,,,,,,,,,,0.433559334380925,0.433559334380925,0.422790502560625
"IRN","Iran, Islamic Republic of",,,,,,,,,,,,,,,,,,,,,,,,,,,,0.415024963429613,0.415024963429613,0.415024963429613
"IRQ","Iraq",,,,,,,,,,,,,,,,,,,,,,,,,,,,0.0614382175108347,0.0614382175108347,0.0614382175108347
"IRL","Ireland",,,,,,,,,,,,,,,,,,,,,,,,,,,,0.58496812911431,0.58496812911431,0.58496812911431
"ISR","Israel",,,,,,,,,,,,,,,,,,,,,,,,,,,,0.499118117497661,0.499118117497661,0.499118117497661
"ITA","Italy",,,,,,,,,,,,,,,,,,,,,,,,,,,,0.591341432748059,0.591341432748059,0.591341432748059
"JAM","Jamaica",,,,,,,,,,,,,,,,,,,,,,,,,,,,0.396832799219045,0.396832799219045,0.396832799219045
"JPN","Japan",,,,,,,,,,,,,,,,,,,,,,,,,,,,0.575566476745486,0.575566476745486,0.575566476745486
"JOR","Jordan",,,,,,,,,,,,,,,,,,,,,,,,,,,,0.414524346048557,0.414524346048557,0.414524346048557
"KAZ","Kazakhstan",,,,,,,,,,,,,,,,,,,,,,,,,,,,0.532012921384169,0.532012921384169,0.532012921384169
"KEN","Kenya",,,,,,,,,,,,,,,,,,,,,,,,,,,,0.247391886824446,0.247391886824446,0.247391886824446
"KIR","Kiribati",,,,,,,,,,,,,,,,,,,,,,,,,,,,0.268921672381725,0.268921672381725,0.268921672381725
"PRK","Korea, Democratic People's Repub",,,,,,,,,,,,,,,,,,,,,,,,,,,,,,
"KOR","Korea, Republic of",,,,,,,,,,,,,,,,,,,,,,,,,,,,0.674208450622252,0.674208450622252,0.674208450622252
"KWT","Kuwait",,,,,,,,,,,,,,,,,,,,,,,,,,,,0.415024963429613,0.415024963429613,0.415024963429613
"KGZ","Kyrgyzstan",,,,,,,,,,,,,,,,,,,,,,,,,,,,0.39478261093658,0.39478261093658,0.401949155942481
"LAO","Lao People's Democratic Republic",,,,,,,,,,,,,,,,,,,,,,,,,,,,0.213240259170624,0.213240259170624,0.213240259170624
"LVA","Latvia",,,,,,,,,,,,,,,,,,,,,,,,,,,,0.623340053337134,0.623340053337134,0.623340053337134
"LBN","Lebanon",,,,,,,,,,,,,,,,,,,,,,,,,,,,0.415024963429613,0.415024963429613,0.415024963429613
"LSO","Lesotho",,,,,,,,,,,,,,,,,,,,,,,,,,,,0.277373463400454,0.277373463400454,0.226178506351723
"LBR","Liberia",,,,,,,,,,,,,,,,,,,,,,,,,,,,0.247391886824446,0.247391886824446,0.247391886824446
"LBY","Libyan Arab Jamahiriya",,,,,,,,,,,,,,,,,,,,,,,,,,,,0.415024963429613,0.415024963429613,0.415024963429613
"LIE","Liechtenstein",,,,,,,,,,,,,,,,,,,,,,,,,,,,,,
"LTU","Lithuania",,,,,,,,,,,,,,,,,,,,,,,,,,,,0.575566476745486,0.575566476745486,0.575566476745486
"LUX","Luxembourg",,,,,,,,,,,,,,,,,,,,,,,,,,,,0.575566476745486,0.575566476745486,0.575566476745486
"MKD","Macedonia",,,,,,,,,,,,,,,,,,,,,,,,,,,,0.489246328505139,0.489246328505139,0.511430824087427
"MDG","Madagascar",,,,,,,,,,,,,,,,,,,,,,,,,,,,0.185251023208091,0.185251023208091,0.198434224123303
"MWI","Malawi",,,,,,,,,,,,,,,,,,,,,,,,,,,,0.247391886824446,0.247391886824446,0.247391886824446
"MYS","Malaysia",,,,,,,,,,,,,,,,,,,,,,,,,,,,0.477092725939231,0.477092725939231,0.477092725939231
"MDV","Maldives",,,,,,,,,,,,,,,,,,,,,,,,,,,,0.299806286140704,0.299806286140704,0.299806286140704
"MLI","Mali",,,,,,,,,,,,,,,,,,,,,,,,,,,,0.225535949493523,0.225535949493523,0.225535949493523
"MLT","Malta",,,,,,,,,,,,,,,,,,,,,,,,,,,,0.425554239966188,0.425554239966188,0.425554239966188
"MHL","Marshall Islands",,,,,,,,,,,,,,,,,,,,,,,,,,,,,,
"MRT","Mauritania",,,,,,,,,,,,,,,,,,,,,,,,,,,,0.247391886824446,0.247391886824446,0.247391886824446
"MUS","Mauritius",,,,,,,,,,,,,,,,,,,,,,,,,,,,0.443798861796094,0.443798861796094,0.438372006390043
"MEX","Mexico",,,,,,,,,,,,,,,,,,,,,,,,,,,,0.461163202733005,0.461163202733005,0.420437052153755
"FSM","Micronesia, Federated States of",,,,,,,,,,,,,,,,,,,,,,,,,,,,0.268921672381725,0.268921672381725,0.268921672381725
"MDA","Moldova, Republic of",,,,,,,,,,,,,,,,,,,,,,,,,,,,0.541178022490922,0.541178022490922,0.541178022490922
"MCO","Monaco",,,,,,,,,,,,,,,,,,,,,,,,,,,,,,
"MNG","Mongolia",,,,,,,,,,,,,,,,,,,,,,,,,,,,0.268921672381725,0.268921672381725,0.268921672381725
"MNE","Montenegro",,,,,,,,,,,,,,,,,,,,,,,,,,,,0.453446225150546,0.453446225150546,0.449882685185227
"MAR","Morocco",,,,,,,,,,,,,,,,,,,,,,,,,,,,0.425581587246526,0.425581587246526,0.442090625620996
"MOZ","Mozambique",,,,,,,,,,,,,,,,,,,,,,,,,,,,0.247391886824446,0.247391886824446,0.247391886824446
"MMR","Myanmar",,,,,,,,,,,,,,,,,,,,,,,,,,,,,,
"NAM","Namibia",,,,,,,,,,,,,,,,,,,,,,,,,,,,0.271380596235882,0.271380596235882,0.271380596235882
"NRU","Nauru",,,,,,,,,,,,,,,,,,,,,,,,,,,,,,
"NPL","Nepal",,,,,,,,,,,,,,,,,,,,,,,,,,,,0.392305102471543,0.392305102471543,0.281713046459556
"NLD","Netherlands",,,,,,,,,,,,,,,,,,,,,,,,,,,,0.575566476745486,0.575566476745486,0.575566476745486
"NZL","New Zealand",,,,,,,,,,,,,,,,,,,,,,,,,,,,0.559671639008597,0.559671639008597,0.551702205792677
"NIC","Nicaragua",,,,,,,,,,,,,,,,,,,,,,,,,,,,0.382436737148268,0.382436737148268,0.382436737148268
"NER","Niger",,,,,,,,,,,,,,,,,,,,,,,,,,,,0.247391886824446,0.247391886824446,0.247391886824446
"NGA","Nigeria",,,,,,,,,,,,,,,,,,,,,,,,,,,,0.247391886824446,0.247391886824446,0.247391886824446
"NOR","Norway",,,,,,,,,,,,,,,,,,,,,,,,,,,,0.575566476745486,0.575566476745486,0.575566476745486
"OMN","Oman",,,,,,,,,,,,,,,,,,,,,,,,,,,,0.415024963429613,0.415024963429613,0.415024963429613
"PAK","Pakistan",,,,,,,,,,,,,,,,,,,,,,,,,,,,0.335489262962814,0.335489262962814,0.36998216363402
"PLW","Palau",,,,,,,,,,,,,,,,,,,,,,,,,,,,,,
"PAN","Panama",,,,,,,,,,,,,,,,,,,,,,,,,,,,0.382436737148268,0.382436737148268,0.382436737148268
"PNG","Papua New Guinea",,,,,,,,,,,,,,,,,,,,,,,,,,,,0.134139271372836,0.134139271372836,0.134139271372836
"PRY","Paraguay",,,,,,,,,,,,,,,,,,,,,,,,,,,,0.347210606548726,0.347210606548726,0.338712178149802
"PER","Peru",,,,,,,,,,,,,,,,,,,,,,,,,,,,0.417281986708366,0.417281986708366,0.421312137978745
"PHL","Philippines",,,,,,,,,,,,,,,,,,,,,,,,,,,,0.385688166744697,0.385688166744697,0.404527441256543
"POL","Poland",,,,,,,,,,,,,,,,,,,,,,,,,,,,0.550217915653973,0.550217915653973,0.550217915653973
"PRT","Portugal",,,,,,,,,,,,,,,,,,,,,,,,,,,,0.589424740354172,0.589424740354172,0.543863703673442
"QAT","Qatar",,,,,,,,,,,,,,,,,,,,,,,,,,,,0.415024963429613,0.415024963429613,0.415024963429613
"ROU","Romania",,,,,,,,,,,,,,,,,,,,,,,,,,,,0.51978797985146,0.51978797985146,0.54781494916754
"RUS","Russian Federation",,,,,,,,,,,,,,,,,,,,,,,,,,,,0.474763657510259,0.474763657510259,0.474763657510259
"RWA","Rwanda",,,,,,,,,,,,,,,,,,,,,,,,,,,,0.59264381374745,0.59264381374745,0.512692887087911
"KNA","Saint Kitts and Nevis",,,,,,,,,,,,,,,,,,,,,,,,,,,,,,
"LCA","Saint Lucia",,,,,,,,,,,,,,,,,,,,,,,,,,,,0.382436737148268,0.382436737148268,0.382436737148268
"VCT","Saint Vincent and the Grenadines",,,,,,,,,,,,,,,,,,,,,,,,,,,,0.382436737148268,0.382436737148268,0.382436737148268
"WSM","Samoa",,,,,,,,,,,,,,,,,,,,,,,,,,,,0.312182261371494,0.312182261371494,0.227646647626109
"SMR","San Marino",,,,,,,,,,,,,,,,,,,,,,,,,,,,,,
"STP","Sao Tome and Principe",,,,,,,,,,,,,,,,,,,,,,,,,,,,0.247391886824446,0.247391886824446,0.247391886824446
"SAU","Saudi Arabia",,,,,,,,,,,,,,,,,,,,,,,,,,,,0.415024963429613,0.415024963429613,0.415024963429613
"SEN","Senegal",,,,,,,,,,,,,,,,,,,,,,,,,,,,0.326221937580759,0.326221937580759,0.326221937580759
"SRB","Serbia",,,,,,,,,,,,,,,,,,,,,,,,,,,,0.528486147528948,0.528486147528948,0.528486147528948
"SYC","Seychelles",,,,,,,,,,,,,,,,,,,,,,,,,,,,0.281491839353937,0.281491839353937,0.258293475982316
"SLE","Sierra Leone",,,,,,,,,,,,,,,,,,,,,,,,,,,,0.164799130756183,0.164799130756183,0.140158026875185
"SGP","Singapore",,,,,,,,,,,,,,,,,,,,,,,,,,,,0.650601187366137,0.650601187366137,0.660873032172118
"SVK","Slovakia",,,,,,,,,,,,,,,,,,,,,,,,,,,,0.579861540387091,0.579861540387091,0.581381981397107
"SVN","Slovenia",,,,,,,,,,,,,,,,,,,,,,,,,,,,0.567912123382019,0.567912123382019,0.567912123382019
"SLB","Solomon Islands",,,,,,,,,,,,,,,,,,,,,,,,,,,,0.268921672381725,0.268921672381725,0.268921672381725
"SOM","Somalia",,,,,,,,,,,,,,,,,,,,,,,,,,,,0.247391886824446,0.247391886824446,0.247391886824446
"ZAF","South Africa",,,,,,,,,,,,,,,,,,,,,,,,,,,,0.247391886824446,0.247391886824446,0.247391886824446
"ESP","Spain",,,,,,,,,,,,,,,,,,,,,,,,,,,,0.600789013869862,0.600789013869862,0.600789013869862
"LKA","Sri Lanka",,,,,,,,,,,,,,,,,,,,,,,,,,,,0.299806286140704,0.299806286140704,0.299806286140704
"SDN","Sudan",,,,,,,,,,,,,,,,,,,,,,,,,,,,,,
"SUR","Suriname",,,,,,,,,,,,,,,,,,,,,,,,,,,,0.382436737148268,0.382436737148268,0.382436737148268
"SWZ","Swaziland",,,,,,,,,,,,,,,,,,,,,,,,,,,,0.291976217358653,0.291976217358653,0.291976217358653
"SWE","Sweden",,,,,,,,,,,,,,,,,,,,,,,,,,,,0.561165780303804,0.561165780303804,0.561165780303804
"CHE","Switzerland",,,,,,,,,,,,,,,,,,,,,,,,,,,,0.575566476745486,0.575566476745486,0.575566476745486
"SYR","Syrian Arab Republic",,,,,,,,,,,,,,,,,,,,,,,,,,,,0.415024963429613,0.415024963429613,0.415024963429613
"TJK","Tajikistan",,,,,,,,,,,,,,,,,,,,,,,,,,,,0.30859092637113,0.30859092637113,0.30859092637113
"TZA","Tanzania, United Republic of",,,,,,,,,,,,,,,,,,,,,,,,,,,,0.381766775811454,0.381766775811454,0.362178627735553
"THA","Thailand",,,,,,,,,,,,,,,,,,,,,,,,,,,,0.268921672381725,0.268921672381725,0.268921672381725
"TLS","Timor-Leste",,,,,,,,,,,,,,,,,,,,,,,,,,,,0.0474138586253224,0.0474138586253224,0.0145669295395051
"TGO","Togo",,,,,,,,,,,,,,,,,,,,,,,,,,,,0.403661169542934,0.403661169542934,0.411973871756704
"TON","Tonga",,,,,,,,,,,,,,,,,,,,,,,,,,,,0.136836089614947,0.136836089614947,0.136836089614947
"TTO","Trinidad and Tobago",,,,,,,,,,,,,,,,,,,,,,,,,,,,0.260920624798053,0.260920624798053,0.260920624798053
"TUN","Tunisia",,,,,,,,,,,,,,,,,,,,,,,,,,,,0.273290207989392,0.273290207989392,0.273290207989392
"TUR","Turkey",,,,,,,,,,,,,,,,,,,,,,,,,,,,0.509165597202007,0.509165597202007,0.509165597202007
"TKM","Turkmenistan",,,,,,,,,,,,,,,,,,,,,,,,,,,,0.17341286478622,0.17341286478622,0.17341286478622
"TUV","Tuvalu",,,,,,,,,,,,,,,,,,,,,,,,,,,,,,
"UGA","Uganda",,,,,,,,,,,,,,,,,,,,,,,,,,,,0.247391886824446,0.247391886824446,0.247391886824446
"UKR","Ukraine",,,,,,,,,,,,,,,,,,,,,,,,,,,,0.474763657510259,0.474763657510259,0.474763657510259
"ARE","United Arab Emirates",,,,,,,,,,,,,,,,,,,,,,,,,,,,0.415024963429613,0.415024963429613,0.415024963429613
"GBR","United Kingdom",,,,,,,,,,,,,,,,,,,,,,,,,,,,0.610013342955517,0.610013342955517,0.610013342955517
"USA","United States",,,,,,,,,,,,,,,,,,,,,,,,,,,,0.595933182402786,0.595933182402786,0.595933182402786
"URY","Uruguay",,,,,,,,,,,,,,,,,,,,,,,,,,,,0.344049110282234,0.344049110282234,0.344049110282234
"UZB","Uzbekistan",,,,,,,,,,,,,,,,,,,,,,,,,,,,0.526393735805042,0.526393735805042,0.526393735805042
"VUT","Vanuatu",,,,,,,,,,,,,,,,,,,,,,,,,,,,0.108229821384951,0.108229821384951,0.183621954406198
"VEN","Venezuela, Bolivarian Republic o",,,,,,,,,,,,,,,,,,,,,,,,,,,,,,
"VNM","Viet Nam",,,,,,,,,,,,,,,,,,,,,,,,,,,,0.454371221414505,0.454371221414505,0.44774989512684
"YEM","Yemen",,,,,,,,,,,,,,,,,,,,,,,,,,,,0.415024963429613,0.415024963429613,0.415024963429613
"ZMB","Zambia",,,,,,,,,,,,,,,,,,,,,,,,,,,,0.247391886824446,0.247391886824446,0.247391886824446
"ZWE","Zimbabwe",,,,,,,,,,,,,,,,,,,,,,,,,,,,0.247391886824446,0.247391886824446,0.247391886824446
