period,abb,climate,conf.low,conf.high
1999,AK,-0.213320017,-1.109710562,0.627649044
1999,AL,-0.048512786,-0.838713227,0.752182579
1999,AR,-0.115719077,-1.049002536,0.730242794
1999,AZ,0.160412849,-0.689482127,1.014147205
1999,CA,0.425169176,-0.21858313,1.059974027
1999,CO,0.237029542,-0.535717238,1.103115628
1999,CT,0.545683486,-0.329775362,1.504322953
1999,DC,1.213060965,0.207836459,2.328400774
1999,DE,0.293707708,-0.66924904,1.214586553
1999,FL,0.755150281,-0.008469148,1.537357012
1999,GA,-0.074985814,-0.834497129,0.64842686
1999,HI,0.764138956,-0.160610777,1.971496501
1999,IA,-0.50670029,-1.457310457,0.377454976
1999,ID,-0.354755865,-1.347194816,0.5860645
1999,IL,0.2928848,-0.414552895,0.994974725
1999,IN,-0.170814613,-0.89717116,0.606671556
1999,KS,-0.431191837,-1.331922236,0.351183744
1999,KY,-0.156924597,-0.94771248,0.636481857
1999,LA,0.313668294,-0.434874397,1.071824595
1999,MA,0.620109772,-0.169062516,1.483245117
1999,MD,0.415051008,-0.371258699,1.230331219
1999,ME,0.120078408,-0.745133427,1.145113131
1999,MI,0.206224506,-0.549173611,0.91976911
1999,MN,-0.106094963,-0.855629998,0.701534803
1999,MO,-0.199533327,-1.001486201,0.567835442
1999,MS,0.136508132,-0.65805133,1.011935201
1999,MT,-0.230900233,-1.21206449,0.73612419
1999,NC,0.50529903,-0.166435482,1.396194114
1999,ND,-0.522057661,-1.548086491,0.446948923
1999,NE,-0.479079892,-1.490450035,0.355683488
1999,NH,-0.159229512,-1.117276574,0.708693065
1999,NJ,1.056802046,0.263912078,2.023104523
1999,NM,0.638258873,-0.271410927,1.858672098
1999,NV,0.386322674,-0.433188459,1.366006786
1999,NY,0.846349605,0.133312411,1.667172137
1999,OH,-0.166270135,-0.894591651,0.569140266
1999,OK,0.017087177,-0.792169745,0.917843937
1999,OR,0.208550829,-0.667496304,1.029232181
1999,PA,0.042333059,-0.627244199,0.798162114
1999,RI,1.25017499,0.244572682,2.558035069
1999,SC,0.23633732,-0.504598688,1.042487639
1999,SD,-0.100901365,-0.989642439,0.911379972
1999,TN,-0.220633949,-0.968700732,0.53169273
1999,TX,0.419113034,-0.207857004,1.131751596
1999,UT,-0.020316189,-0.950734512,0.977104728
1999,VA,-0.013049511,-0.727364995,0.739622259
1999,VT,0.42778456,-0.531993014,1.752334686
1999,WA,0.061684228,-0.748392709,0.806961249
1999,WI,0.314186208,-0.471614521,1.160305479
1999,WV,-0.096465284,-0.982192121,0.882147144
1999,WY,-0.219999615,-1.091074401,0.812199778
2000,AK,-0.205125316,-1.073126586,0.618540819
2000,AL,-0.4750125,-1.444259451,0.456275661
2000,AR,-0.346376449,-1.354609545,0.712054264
2000,AZ,0.559204997,-0.443031138,1.613784933
2000,CA,0.768932129,-0.005546977,1.615425484
2000,CO,0.32760203,-0.580687523,1.244361696
2000,CT,0.775805643,-0.313526098,1.980747453
2000,DC,1.562736304,0.318348033,2.954865742
2000,DE,0.505855362,-0.519304887,1.53129466
2000,FL,0.83032398,-0.017955637,1.816822312
2000,GA,0.092305772,-0.631413669,0.970271628
2000,HI,1.247429022,0.095056812,2.76444702
2000,IA,-0.512064019,-1.476654238,0.451195624
2000,ID,-0.436253554,-1.442225608,0.595061761
2000,IL,0.586568165,-0.201155577,1.404396227
2000,IN,0.006373667,-0.850204723,0.986875156
2000,KS,-0.512483425,-1.429119327,0.328092986
2000,KY,-0.248676677,-1.124363198,0.782552441
2000,LA,0.399609332,-0.582188756,1.488112163
2000,MA,1.124521604,0.214421466,2.172045662
2000,MD,0.728591875,-0.133239319,1.66474322
2000,ME,0.094752655,-1.09579829,1.516379768
2000,MI,0.244253802,-0.578989225,1.123532574
2000,MN,-0.108073549,-1.06569125,0.766726388
2000,MO,-0.242632741,-1.036612277,0.629423207
2000,MS,-0.21680808,-1.145281386,0.85855546
2000,MT,-0.460654687,-1.631104767,0.745653466
2000,NC,0.421012461,-0.388506589,1.406736378
2000,ND,-0.79001141,-2.008334398,0.310693089
2000,NE,-0.583868857,-1.585102827,0.354966379
2000,NH,-0.079737133,-1.263180571,0.967407514
2000,NJ,1.246455636,0.331049342,2.252772992
2000,NM,0.88525353,-0.275173404,2.383045453
2000,NV,0.812108406,-0.255061753,1.958638842
2000,NY,1.066217054,0.270979591,1.981218148
2000,OH,0.087198576,-0.723099741,1.033036238
2000,OK,-0.131869644,-1.077482138,0.934099491
2000,OR,0.489193812,-0.411155907,1.523957499
2000,PA,0.19609769,-0.584357562,1.070977836
2000,RI,1.730863514,0.542775581,3.233341439
2000,SC,0.059095195,-0.698693987,1.110116647
2000,SD,-0.347938498,-1.340402197,0.779320875
2000,TN,-0.387196047,-1.205246974,0.532931891
2000,TX,0.460990145,-0.254795318,1.311454787
2000,UT,-0.047229923,-1.555942092,1.600150056
2000,VA,-0.084607929,-0.855535787,0.714107403
2000,VT,0.488578186,-0.892318656,2.044496862
2000,WA,0.357475622,-0.469311035,1.210353974
2000,WI,0.302305465,-0.583108887,1.23808765
2000,WV,-0.046791387,-1.214884336,1.278474881
2000,WY,-0.393220782,-1.352650671,0.670871908
2001,AK,-0.257619757,-1.008594687,0.538934448
2001,AL,-0.375504285,-1.046115504,0.352212323
2001,AR,-0.273303994,-1.033761264,0.48853678
2001,AZ,0.093615756,-0.535055546,0.876477661
2001,CA,0.310582442,-0.213471666,0.942431594
2001,CO,0.311354415,-0.381380066,1.060208457
2001,CT,0.857250546,0.094776013,1.764983122
2001,DC,1.523737493,0.549493046,2.623980949
2001,DE,0.387508511,-0.390386331,1.295006772
2001,FL,0.536415245,-0.074088202,1.240211481
2001,GA,0.03793627,-0.589533438,0.711559194
2001,HI,0.834675397,-0.115185236,1.968004457
2001,IA,-0.497936256,-1.209146351,0.231895145
2001,ID,-0.430158659,-1.238487857,0.396617165
2001,IL,0.400200002,-0.198710472,1.06179888
2001,IN,-0.178087584,-0.818038699,0.487487596
2001,KS,-0.606168414,-1.254507861,0.080267924
2001,KY,-0.065530047,-0.773377495,0.673929221
2001,LA,0.191114331,-0.50721446,0.956434139
2001,MA,0.980442067,0.231397781,1.816643583
2001,MD,0.522312725,-0.164439685,1.279507922
2001,ME,0.302089938,-0.473061081,1.201014973
2001,MI,0.20879222,-0.407583169,0.882089374
2001,MN,-0.100476574,-0.772166966,0.609270545
2001,MO,-0.318401603,-0.960888481,0.380742982
2001,MS,-0.147791342,-0.825825428,0.653585675
2001,MT,-0.351535314,-1.16090432,0.467435878
2001,NC,0.354090413,-0.266142446,1.077323525
2001,ND,-0.837554992,-1.652268096,0.083921921
2001,NE,-0.622583593,-1.408172577,0.129462428
2001,NH,0.212163821,-0.632165124,1.111400531
2001,NJ,1.139279617,0.346317384,2.028024018
2001,NM,0.58298453,-0.236958162,1.527417676
2001,NV,0.521843925,-0.246942429,1.456845261
2001,NY,0.867235214,0.210350601,1.597798427
2001,OH,-0.225202282,-0.797265085,0.448949863
2001,OK,-0.139063492,-0.835635344,0.660052394
2001,OR,0.472598433,-0.249069526,1.316511793
2001,PA,-0.005010379,-0.570362685,0.60353188
2001,RI,1.400831673,0.470380388,2.544766871
2001,SC,-0.081285203,-0.733470899,0.686181652
2001,SD,-0.207826018,-1.006929253,0.764690295
2001,TN,-0.330574258,-0.98454569,0.355462169
2001,TX,0.143731539,-0.393226784,0.819594958
2001,UT,-0.210269737,-1.11876467,0.775071752
2001,VA,-0.062423926,-0.679240701,0.620609368
2001,VT,0.790011668,-0.169907955,1.923631695
2001,WA,0.253581719,-0.433213647,1.008068438
2001,WI,0.431420715,-0.236229988,1.23064237
2001,WV,0.026782191,-0.733929123,0.961473774
2001,WY,-0.44665329,-1.24501961,0.44465022
2002,AK,-0.32393867,-1.037170999,0.418534058
2002,AL,-0.58173418,-1.288953933,0.12488784
2002,AR,-0.232190042,-0.974385102,0.535537621
2002,AZ,0.206118609,-0.469368235,1.037733006
2002,CA,0.498753847,-0.095468073,1.141480988
2002,CO,0.179648404,-0.49270135,0.922708668
2002,CT,0.755025331,0.028966388,1.735658737
2002,DC,1.599481286,0.60609369,2.719726844
2002,DE,0.373718307,-0.41837906,1.239167166
2002,FL,0.544213524,-0.114914872,1.270348567
2002,GA,0.137410286,-0.46633279,0.816963392
2002,HI,0.957147766,-0.001974741,2.037761802
2002,IA,-0.451387757,-1.110620127,0.250075927
2002,ID,-0.593277666,-1.315601261,0.19461457
2002,IL,0.402222563,-0.188098003,1.109441631
2002,IN,-0.058715414,-0.699931262,0.654507484
2002,KS,-0.721608783,-1.365480098,0.004623864
2002,KY,-0.141684451,-0.838363265,0.611845129
2002,LA,0.129764835,-0.549750327,0.838708562
2002,MA,1.067314614,0.320088701,1.909659206
2002,MD,0.709016301,-0.004950897,1.492320375
2002,ME,0.274794274,-0.530389264,1.256368052
2002,MI,0.134388677,-0.507707919,0.8210435
2002,MN,-0.203958619,-0.888862643,0.556386155
2002,MO,-0.198273809,-0.826721616,0.522401655
2002,MS,-0.182710825,-0.855311915,0.658154521
2002,MT,-0.528146315,-1.400876572,0.338422899
2002,NC,0.438900982,-0.205694658,1.177925131
2002,ND,-0.907945839,-1.772545368,0.021454731
2002,NE,-0.609696972,-1.295113164,0.150128956
2002,NH,0.088178111,-0.735477792,0.970616179
2002,NJ,0.902660527,0.188378767,1.693252484
2002,NM,0.575365227,-0.272930177,1.515494666
2002,NV,0.459318058,-0.327979586,1.355624531
2002,NY,0.975769701,0.300872832,1.675459495
2002,OH,-0.072464696,-0.677148536,0.610778038
2002,OK,-0.252831394,-0.930247235,0.511567916
2002,OR,0.37673192,-0.356839804,1.131259061
2002,PA,-0.036629178,-0.585640798,0.607113007
2002,RI,1.388710557,0.463528876,2.523930405
2002,SC,-0.045744908,-0.712866815,0.711640272
2002,SD,-0.366717611,-1.13519669,0.519260718
2002,TN,-0.279143509,-0.927540857,0.422959096
2002,TX,0.121007571,-0.463353217,0.779953744
2002,UT,-0.269357577,-1.179691976,0.697347598
2002,VA,-0.14059284,-0.713398945,0.525463501
2002,VT,0.708699967,-0.286220882,1.819112681
2002,WA,0.253758099,-0.39838458,0.987672064
2002,WI,0.199505167,-0.455482485,0.931048809
2002,WV,-0.043912011,-0.852898579,0.898054389
2002,WY,-0.482040317,-1.30278575,0.45388589
2003,AK,-0.549453123,-1.213977838,0.112358168
2003,AL,-0.52910168,-1.131577051,0.1463044
2003,AR,-0.450753398,-1.110985388,0.310069258
2003,AZ,-0.385307112,-1.008379355,0.339540169
2003,CA,-0.031906501,-0.559512827,0.572225202
2003,CO,-0.050632053,-0.639367889,0.60933493
2003,CT,0.549461913,-0.137031169,1.387783098
2003,DC,1.44494443,0.531009215,2.468945547
2003,DE,0.106342095,-0.625165456,0.899846826
2003,FL,-0.013618925,-0.566258828,0.559609549
2003,GA,-0.100075551,-0.692115646,0.518527469
2003,HI,0.399743129,-0.517973576,1.31409019
2003,IA,-0.616004036,-1.246833236,-0.001991606
2003,ID,-0.713216781,-1.35979375,0.036068067
2003,IL,-0.06629052,-0.628432819,0.50403639
2003,IN,-0.402375989,-0.946909129,0.297883179
2003,KS,-0.934935145,-1.516596459,-0.308478767
2003,KY,-0.213534111,-0.844599774,0.483867302
2003,LA,-0.208187088,-0.804665329,0.456474917
2003,MA,0.723588837,0.049653565,1.536914896
2003,MD,0.264736483,-0.343958009,0.975529286
2003,ME,0.104264593,-0.637928668,0.97001243
2003,MI,-0.20105491,-0.743507853,0.434621528
2003,MN,-0.324225522,-0.908854205,0.323164842
2003,MO,-0.572576467,-1.132888112,0.095728239
2003,MS,-0.308420337,-0.962023606,0.402399161
2003,MT,-0.643825898,-1.368647143,0.114610385
2003,NC,0.110677612,-0.477776778,0.807425492
2003,ND,-1.132123175,-1.821818865,-0.269962061
2003,NE,-0.736713032,-1.406934993,-0.058316606
2003,NH,0.065351477,-0.692480594,0.89510989
2003,NJ,0.642225287,-0.020580622,1.437473818
2003,NM,0.130452854,-0.654155523,1.000910691
2003,NV,0.023897304,-0.622459181,0.810263614
2003,NY,0.518503943,-0.070506952,1.24361916
2003,OH,-0.558017637,-1.084645418,0.021619873
2003,OK,-0.405398575,-1.047480342,0.294586336
2003,OR,0.034018157,-0.634356871,0.765991409
2003,PA,-0.386985343,-0.899755688,0.244201737
2003,RI,0.914561628,0.066460669,1.966522885
2003,SC,-0.24321088,-0.881651719,0.46388888
2003,SD,-0.503687234,-1.225611851,0.359668416
2003,TN,-0.41514262,-0.989737843,0.23226069
2003,TX,-0.286710794,-0.832008911,0.248679287
2003,UT,-0.501917442,-1.299244704,0.334886891
2003,VA,-0.250229871,-0.801110314,0.351686524
2003,VT,0.63147377,-0.223305509,1.640011909
2003,WA,-0.056420136,-0.698243479,0.598991733
2003,WI,0.037923917,-0.534136326,0.717585877
2003,WV,-0.255088479,-0.977293707,0.537190509
2003,WY,-0.777119669,-1.519599638,0.115780356
2004,AK,-0.84655995,-1.45143954,-0.224704464
2004,AL,-0.901915558,-1.447020979,-0.290906796
2004,AR,-0.598989453,-1.246736815,0.081910281
2004,AZ,-0.478765366,-1.09129248,0.189514461
2004,CA,-0.123165802,-0.639428928,0.427105215
2004,CO,-0.352035229,-0.936355536,0.263772969
2004,CT,0.276350101,-0.357308986,1.046858709
2004,DC,1.473048129,0.565934431,2.428540772
2004,DE,-0.123870595,-0.838906197,0.573127515
2004,FL,0.021362459,-0.537179955,0.618831809
2004,GA,-0.278858561,-0.798670214,0.303041645
2004,HI,0.3965707,-0.430356645,1.306721089
2004,IA,-0.869010507,-1.479219418,-0.303654901
2004,ID,-1.044871759,-1.686437912,-0.366801135
2004,IL,-0.172310341,-0.688030871,0.38996624
2004,IN,-0.587115777,-1.094535901,0.029037676
2004,KS,-1.129257078,-1.703262242,-0.531777998
2004,KY,-0.524702189,-1.0959086,0.11378342
2004,LA,-0.449591834,-0.995421132,0.17264048
2004,MA,0.54364438,-0.100649029,1.277248901
2004,MD,0.319126654,-0.267211179,0.987669859
2004,ME,-0.132286089,-0.847822795,0.642016091
2004,MI,-0.285933028,-0.82855404,0.267033788
2004,MN,-0.638022332,-1.201223164,-0.061111496
2004,MO,-0.70794251,-1.259093188,-0.129306382
2004,MS,-0.54708329,-1.163451798,0.158484154
2004,MT,-1.028813842,-1.661388697,-0.329909641
2004,NC,-0.204539566,-0.735773718,0.410533795
2004,ND,-1.46266035,-2.184662798,-0.692818144
2004,NE,-0.964713137,-1.576900518,-0.309999356
2004,NH,-0.319148605,-1.028752302,0.411889482
2004,NJ,0.242821778,-0.370515436,0.908291318
2004,NM,0.054628308,-0.708643279,0.890533059
2004,NV,-0.201527343,-0.796969557,0.529915965
2004,NY,0.426712329,-0.166239286,1.03946228
2004,OH,-0.642846838,-1.107084808,-0.050247726
2004,OK,-0.701298605,-1.290681024,-0.110447823
2004,OR,-0.222925068,-0.865137536,0.421661259
2004,PA,-0.625804619,-1.113070202,-0.082578632
2004,RI,0.712067555,-0.159757622,1.633885346
2004,SC,-0.397443213,-0.99930258,0.269816427
2004,SD,-0.840947748,-1.512299124,-0.075082753
2004,TN,-0.581199679,-1.110444395,0.040277654
2004,TX,-0.445863385,-0.930559175,0.092542853
2004,UT,-0.730653671,-1.425304228,0.068132825
2004,VA,-0.398179553,-0.920692565,0.178770607
2004,VT,0.381741628,-0.477781273,1.316151866
2004,WA,-0.176284941,-0.772437497,0.430193007
2004,WI,-0.285495503,-0.838947783,0.34784036
2004,WV,-0.699928422,-1.34609171,0.053579564
2004,WY,-1.019512469,-1.742452554,-0.197717566
2005,AK,-0.745517801,-1.301411992,-0.161652909
2005,AL,-0.517548451,-1.03996838,0.077025896
2005,AR,-0.354392359,-0.999890898,0.328732221
2005,AZ,-0.556275656,-1.12716873,0.057079297
2005,CA,-0.303950944,-0.799600447,0.18381557
2005,CO,-0.365229943,-0.858885599,0.200238199
2005,CT,0.3590995,-0.224237524,1.056356394
2005,DC,1.756663593,0.788191649,2.771754171
2005,DE,0.073153504,-0.543652397,0.79739342
2005,FL,-0.28935105,-0.795827761,0.220341502
2005,GA,-0.144603099,-0.66807031,0.419798614
2005,HI,0.322132508,-0.514858501,1.152620433
2005,IA,-0.730789336,-1.24686581,-0.146918884
2005,ID,-0.876718066,-1.439018344,-0.220484492
2005,IL,-0.183497495,-0.718937338,0.369974838
2005,IN,-0.5875541,-1.060356785,-0.023291058
2005,KS,-1.152760836,-1.666287957,-0.5757026
2005,KY,-0.178518525,-0.76472165,0.441872225
2005,LA,-0.45430888,-0.968601097,0.179762936
2005,MA,0.595077484,-0.075495906,1.285041004
2005,MD,0.280702739,-0.329197778,0.948698716
2005,ME,0.024506237,-0.649489679,0.799414322
2005,MI,-0.305621925,-0.805337505,0.247234392
2005,MN,-0.275713966,-0.79867653,0.279251175
2005,MO,-0.718168479,-1.20762229,-0.215898974
2005,MS,-0.403839866,-0.996908057,0.26001984
2005,MT,-0.734193369,-1.403374295,-0.072390647
2005,NC,-0.184624396,-0.648398198,0.364500018
2005,ND,-1.455264018,-2.109795096,-0.705802862
2005,NE,-0.75526822,-1.328454559,-0.135668307
2005,NH,0.066425625,-0.595560225,0.758334574
2005,NJ,0.256772294,-0.302617935,0.902972071
2005,NM,0.11215163,-0.61106407,0.846398159
2005,NV,-0.187567158,-0.780035448,0.5211824
2005,NY,0.379201219,-0.180572159,0.998730533
2005,OH,-0.71128902,-1.165614449,-0.187722932
2005,OK,-0.555988353,-1.116096632,0.025450382
2005,OR,-0.250128748,-0.816015182,0.350133377
2005,PA,-0.644113033,-1.090050772,-0.1450476
2005,RI,0.805484609,-0.03342748,1.706881435
2005,SC,-0.196564971,-0.785279932,0.417819094
2005,SD,-0.69431914,-1.315190902,0.013493737
2005,TN,-0.478830115,-0.999361837,0.088740399
2005,TX,-0.398553105,-0.825040985,0.094316377
2005,UT,-0.62668811,-1.277687933,0.105389028
2005,VA,-0.242706217,-0.721662416,0.327824841
2005,VT,0.64332449,-0.214086005,1.537024803
2005,WA,-0.026056988,-0.554311743,0.615401125
2005,WI,-0.162767053,-0.702753417,0.436587051
2005,WV,-0.516848816,-1.128879931,0.193838993
2005,WY,-0.973206241,-1.65374126,-0.228081544
2006,AK,-0.144489551,-0.719000191,0.496438818
2006,AL,-0.085711312,-0.600418847,0.499795105
2006,AR,0.471669366,-0.126315442,1.142445335
2006,AZ,0.474347743,-0.081654344,1.103752969
2006,CA,1.079632456,0.521349986,1.672344298
2006,CO,0.463312638,-0.086307529,1.081131795
2006,CT,1.02897153,0.395309539,1.795419937
2006,DC,2.752238599,1.720159435,3.862955497
2006,DE,0.753385521,0.079099227,1.515450017
2006,FL,0.672065689,0.162167739,1.253486589
2006,GA,0.314644855,-0.240775278,0.873911373
2006,HI,1.384276819,0.570500529,2.23772712
2006,IA,-0.000560539,-0.579276179,0.588006024
2006,ID,-0.252565176,-0.822164816,0.394702664
2006,IL,0.719900842,0.193160983,1.291991205
2006,IN,0.244229009,-0.227441253,0.835757494
2006,KS,-0.252514448,-0.775892746,0.324515426
2006,KY,0.387461937,-0.160937562,1.055074055
2006,LA,0.237511418,-0.311118135,0.866532961
2006,MA,1.533143558,0.861717018,2.284443974
2006,MD,1.241930714,0.623999667,2.005009117
2006,ME,0.859118543,0.175166925,1.623471823
2006,MI,0.752868874,0.219765336,1.362553414
2006,MN,0.447338001,-0.081626266,1.056308806
2006,MO,0.100841911,-0.406778161,0.656962029
2006,MS,0.264963288,-0.326817841,0.935733465
2006,MT,-0.059868458,-0.650381941,0.576514036
2006,NC,0.517911955,-0.016683013,1.098384406
2006,ND,-0.729552867,-1.345422066,-0.069445421
2006,NE,-0.011519034,-0.567434155,0.639709212
2006,NH,0.652340863,-0.023661889,1.393922523
2006,NJ,0.894792718,0.302335241,1.555677335
2006,NM,1.127834811,0.419074187,1.956728038
2006,NV,0.525069765,-0.058433321,1.200830512
2006,NY,1.483461654,0.861278096,2.166140897
2006,OH,0.360590484,-0.075942248,0.904712687
2006,OK,0.051547992,-0.510885456,0.623318994
2006,OR,0.841944295,0.286132426,1.50685225
2006,PA,0.291372111,-0.165746223,0.833034574
2006,RI,1.831130946,1.064156556,2.775824695
2006,SC,0.541431332,-0.013256283,1.16430063
2006,SD,0.034039587,-0.621278109,0.754066598
2006,TN,0.210145059,-0.300348726,0.807343698
2006,TX,0.463895494,-0.040636169,1.001591023
2006,UT,0.136830365,-0.493267084,0.82889499
2006,VA,0.54420421,0.0024258,1.146612156
2006,VT,1.488663915,0.648815468,2.365982772
2006,WA,0.860961604,0.310260201,1.508765389
2006,WI,0.530770274,-0.050725792,1.091140522
2006,WV,0.053391454,-0.51452538,0.684275827
2006,WY,-0.362554594,-1.034218155,0.410618389
2007,AK,-0.394426481,-0.958018818,0.204206092
2007,AL,-0.349503232,-0.828930065,0.222864932
2007,AR,-0.074801526,-0.633621654,0.526739516
2007,AZ,-0.007011416,-0.519201203,0.57788643
2007,CA,0.631482158,0.084337812,1.220232231
2007,CO,0.164942976,-0.380033532,0.755998498
2007,CT,1.154421769,0.467032484,1.91747719
2007,DC,2.958930715,1.883174481,4.078903855
2007,DE,0.714637165,0.047130544,1.470524445
2007,FL,0.180823392,-0.308761944,0.72831925
2007,GA,0.113822107,-0.409601417,0.671191593
2007,HI,0.940531415,0.188129984,1.810115021
2007,IA,-0.279719308,-0.820747566,0.289800658
2007,ID,-0.60559617,-1.159517371,-0.014063112
2007,IL,0.526997173,-0.034986162,1.10257819
2007,IN,-0.197677275,-0.728800677,0.331018838
2007,KS,-0.531116977,-1.017960656,0.035351258
2007,KY,0.07510621,-0.50051047,0.662031855
2007,LA,0.007819131,-0.527788456,0.620211728
2007,MA,1.496487049,0.777325016,2.26048204
2007,MD,1.055705755,0.380657693,1.802362252
2007,ME,0.601536918,-0.096240178,1.350061005
2007,MI,0.152372085,-0.345416973,0.718565895
2007,MN,0.066303364,-0.483039093,0.622865009
2007,MO,-0.26728485,-0.737224097,0.257075238
2007,MS,-0.284517373,-0.823003506,0.312547506
2007,MT,-0.292873648,-0.92007811,0.346811537
2007,NC,0.075229664,-0.447695083,0.606878402
2007,ND,-0.995711125,-1.575558179,-0.389910499
2007,NE,-0.233487572,-0.769743493,0.369354167
2007,NH,0.700470146,0.045007237,1.444193758
2007,NJ,0.945402278,0.325071455,1.630419255
2007,NM,0.582303285,-0.085900774,1.315431947
2007,NV,0.355483129,-0.25778041,1.036519042
2007,NY,1.350285454,0.708961603,1.988573407
2007,OH,-0.239504747,-0.689819208,0.247389451
2007,OK,-0.301830049,-0.845330445,0.27265513
2007,OR,0.32122969,-0.256363839,0.896644724
2007,PA,0.187578343,-0.335204238,0.717295969
2007,RI,1.685267472,0.918977583,2.612689201
2007,SC,0.156504321,-0.397831717,0.794019059
2007,SD,-0.293445066,-0.930896231,0.386730601
2007,TN,-0.111701481,-0.588043042,0.462808852
2007,TX,-0.106406831,-0.532681182,0.398077704
2007,UT,-0.478261187,-1.015738035,0.153064097
2007,VA,0.177363012,-0.323935049,0.723191979
2007,VT,1.318682219,0.444813217,2.2220685
2007,WA,0.570694405,0.00970753,1.190881858
2007,WI,0.274584174,-0.293793449,0.845849666
2007,WV,-0.208479511,-0.782879477,0.42141341
2007,WY,-0.687806958,-1.301602129,0.010145982
2008,AK,-0.407650867,-0.938580339,0.177082338
2008,AL,-0.372742911,-0.886653231,0.211033259
2008,AR,0.004066865,-0.565299825,0.630509669
2008,AZ,0.132518905,-0.394122425,0.753807028
2008,CA,1.017483922,0.38686095,1.670227654
2008,CO,0.334567387,-0.269295473,0.940272373
2008,CT,1.051321455,0.387944429,1.829604604
2008,DC,3.153815377,2.083541754,4.307813439
2008,DE,0.693876031,0.016915604,1.464697145
2008,FL,0.379090559,-0.168221798,0.945626697
2008,GA,0.100018743,-0.389241872,0.662139322
2008,HI,1.122693241,0.335822827,1.948931947
2008,IA,-0.247219414,-0.75562503,0.347225374
2008,ID,-0.873211578,-1.393534247,-0.262524705
2008,IL,0.746845803,0.16473963,1.396518577
2008,IN,-0.015094152,-0.554151994,0.573146537
2008,KS,-0.420112813,-0.908969337,0.159326864
2008,KY,-0.00246835,-0.534231062,0.59837816
2008,LA,0.015983783,-0.516666595,0.60440349
2008,MA,1.476718047,0.722092058,2.21189023
2008,MD,1.276171649,0.613025385,2.054911448
2008,ME,0.743989197,0.082117969,1.504627676
2008,MI,0.433434258,-0.118198019,1.011702645
2008,MN,0.179985502,-0.370544493,0.783348063
2008,MO,-0.266863065,-0.735795902,0.269859347
2008,MS,-0.195522914,-0.741630899,0.401533448
2008,MT,-0.327937104,-0.944428329,0.361901226
2008,NC,0.15903395,-0.379212785,0.738751478
2008,ND,-0.972667302,-1.53370733,-0.309291324
2008,NE,-0.220956002,-0.763070606,0.420072001
2008,NH,0.721850071,0.061331891,1.474014918
2008,NJ,1.016771843,0.366468025,1.713519753
2008,NM,0.675520873,0.016271091,1.365216162
2008,NV,0.434266737,-0.166852113,1.132800339
2008,NY,1.517073834,0.824691075,2.239786382
2008,OH,-0.087623335,-0.567712743,0.468902978
2008,OK,-0.396940589,-0.898204165,0.16452891
2008,OR,0.522331616,-0.057857132,1.153314867
2008,PA,0.356146715,-0.155876505,0.917889529
2008,RI,1.633411888,0.868918751,2.684075156
2008,SC,0.274776995,-0.25829578,0.892394879
2008,SD,-0.237180304,-0.872315081,0.460537685
2008,TN,-0.089846269,-0.587736567,0.487632516
2008,TX,0.275216608,-0.224684541,0.86499738
2008,UT,-0.828901438,-1.373286646,-0.181665983
2008,VA,0.287290291,-0.252331672,0.871315829
2008,VT,1.584614684,0.735134717,2.441181534
2008,WA,0.54427558,-0.019115867,1.146934662
2008,WI,0.370762899,-0.204954819,0.931240371
2008,WV,-0.266718151,-0.805871826,0.389777804
2008,WY,-0.658016523,-1.274774498,0.033642442
2009,AK,-1.126707065,-1.611871428,-0.610734077
2009,AL,-1.038324215,-1.481859537,-0.5525466
2009,AR,-0.849938456,-1.330151136,-0.326872911
2009,AZ,-0.765221612,-1.200040394,-0.267427138
2009,CA,0.209028465,-0.265606462,0.696128257
2009,CO,-0.690104331,-1.126807636,-0.220668562
2009,CT,0.506881197,-0.080787285,1.136624862
2009,DC,2.987270793,1.912442095,4.05668252
2009,DE,0.22879809,-0.385125959,0.848068215
2009,FL,-0.319970167,-0.737255673,0.135820361
2009,GA,-0.484144065,-0.916415053,-0.01971057
2009,HI,0.279489343,-0.405070415,1.032144797
2009,IA,-0.919416578,-1.368985196,-0.432707375
2009,ID,-1.595339384,-2.100824649,-1.073098347
2009,IL,0.179550957,-0.288768412,0.698721619
2009,IN,-0.809532124,-1.211200695,-0.358501552
2009,KS,-1.200178618,-1.646682337,-0.723704738
2009,KY,-0.807486378,-1.258227973,-0.320151669
2009,LA,-0.612104745,-1.055619614,-0.092389626
2009,MA,0.862453931,0.249337751,1.51523344
2009,MD,0.669614546,0.090944403,1.269752552
2009,ME,-0.037380915,-0.585021646,0.631193658
2009,MI,-0.38196665,-0.768970898,0.096708336
2009,MN,-0.870318332,-1.304555914,-0.42618433
2009,MO,-1.177600037,-1.568294489,-0.733460955
2009,MS,-1.018782984,-1.537495842,-0.536642675
2009,MT,-1.077358938,-1.626654725,-0.502815028
2009,NC,-0.486971757,-0.903298444,-0.036341907
2009,ND,-1.718087804,-2.304256935,-1.099320764
2009,NE,-0.991200608,-1.488238769,-0.454839542
2009,NH,0.033983964,-0.543191,0.659043964
2009,NJ,0.359971001,-0.175669021,0.956505449
2009,NM,-0.212120381,-0.773162999,0.375166341
2009,NV,-0.315113336,-0.827105345,0.265853821
2009,NY,0.943924321,0.383367691,1.554308021
2009,OH,-0.90696901,-1.274161775,-0.502241265
2009,OK,-1.060679301,-1.496482637,-0.577621363
2009,OR,-0.23964468,-0.683182943,0.309518569
2009,PA,-0.378871592,-0.829702556,0.078681987
2009,RI,1.094659422,0.382025998,1.939950801
2009,SC,-0.595094901,-1.039604006,-0.09842001
2009,SD,-1.166832459,-1.74755196,-0.578516746
2009,TN,-0.74488496,-1.185738746,-0.280205139
2009,TX,-0.704700687,-1.067347223,-0.278193395
2009,UT,-1.638525183,-2.166555252,-1.111278396
2009,VA,-0.398751693,-0.847399883,0.077422164
2009,VT,0.886530632,0.077783701,1.672493779
2009,WA,-0.064471167,-0.558678347,0.475639978
2009,WI,-0.436359682,-0.844763737,0.048905939
2009,WV,-0.845882839,-1.331725398,-0.303691828
2009,WY,-1.445131652,-2.020631787,-0.842683823
2010,AK,-1.384024068,-1.867077207,-0.880330203
2010,AL,-1.388750105,-1.789402837,-0.942931284
2010,AR,-1.101741807,-1.543809795,-0.620460844
2010,AZ,-0.918332706,-1.304382849,-0.492400245
2010,CA,0.242116375,-0.211851659,0.737160938
2010,CO,-0.657216935,-1.083128877,-0.178449872
2010,CT,0.169285071,-0.348414235,0.760000721
2010,DC,2.872284214,1.895103178,3.93500447
2010,DE,-0.082163724,-0.641873552,0.584761029
2010,FL,-0.487543498,-0.866860529,-0.062508093
2010,GA,-0.89206849,-1.25151905,-0.47093654
2010,HI,0.194678249,-0.461035706,0.941859644
2010,IA,-1.163813757,-1.565580576,-0.710912484
2010,ID,-2.222825414,-2.692910683,-1.757399122
2010,IL,-0.079132335,-0.492673933,0.403413976
2010,IN,-0.944061663,-1.338918757,-0.544773626
2010,KS,-1.406385984,-1.832636287,-0.99337191
2010,KY,-1.047858388,-1.441705231,-0.604172802
2010,LA,-1.016289695,-1.45831963,-0.557186133
2010,MA,0.581041726,0.035364862,1.203233122
2010,MD,0.619449366,0.077890637,1.219966803
2010,ME,-0.217395878,-0.762054853,0.394719763
2010,MI,-0.624068966,-0.984836556,-0.19862159
2010,MN,-0.930379787,-1.334193937,-0.479572073
2010,MO,-1.221220395,-1.605393977,-0.802840006
2010,MS,-1.265752503,-1.71500366,-0.754315709
2010,MT,-1.404390697,-1.916809634,-0.875941902
2010,NC,-0.8138091,-1.182011368,-0.412563596
2010,ND,-1.921003508,-2.475203975,-1.359616195
2010,NE,-1.305679487,-1.785924712,-0.813994607
2010,NH,-0.156226703,-0.718454936,0.430117261
2010,NJ,0.247628858,-0.247313141,0.821096963
2010,NM,-0.483791573,-0.975656628,0.105789577
2010,NV,-0.544831041,-1.009319353,0.004349719
2010,NY,0.849506888,0.304743064,1.432694974
2010,OH,-0.920773742,-1.254885503,-0.518763322
2010,OK,-1.555555778,-1.986886843,-1.137038107
2010,OR,-0.430223572,-0.862295388,0.097094927
2010,PA,-0.52288772,-0.925875778,-0.109764616
2010,RI,0.70830971,0.05766918,1.535216696
2010,SC,-0.807737802,-1.242054095,-0.315615407
2010,SD,-1.301413783,-1.84658425,-0.770118199
2010,TN,-1.082024874,-1.472739666,-0.690332974
2010,TX,-0.858050875,-1.206991535,-0.48477042
2010,UT,-2.181679607,-2.688608027,-1.688833348
2010,VA,-0.492814548,-0.930646708,-0.035805423
2010,VT,0.884021728,0.147033452,1.661631218
2010,WA,-0.315246903,-0.75661409,0.145434549
2010,WI,-0.693455944,-1.08431329,-0.237045652
2010,WV,-1.461460834,-1.937938199,-0.93776726
2010,WY,-1.75075159,-2.350188167,-1.149538624
2011,AK,-1.114622857,-1.59647362,-0.587148703
2011,AL,-1.051917458,-1.451283644,-0.58997202
2011,AR,-0.812000567,-1.251555577,-0.312568128
2011,AZ,-0.682168605,-1.055892333,-0.212803587
2011,CA,0.232037659,-0.210300589,0.705300134
2011,CO,-0.670154115,-1.074759049,-0.248382253
2011,CT,0.539361457,-0.014292811,1.174612687
2011,DC,3.169886308,2.112701708,4.28477808
2011,DE,0.185013339,-0.371678732,0.820910491
2011,FL,-0.133458908,-0.544267197,0.302010007
2011,GA,-0.487674326,-0.867086883,-0.059607607
2011,HI,0.406407051,-0.300024327,1.165610168
2011,IA,-0.867797668,-1.291905672,-0.430979871
2011,ID,-1.669604373,-2.120638826,-1.207987037
2011,IL,0.3460625,-0.126216842,0.861103211
2011,IN,-0.878322225,-1.242758988,-0.463634523
2011,KS,-1.128430601,-1.539091204,-0.679826493
2011,KY,-0.79466156,-1.21315425,-0.375590977
2011,LA,-0.586939001,-1.020874942,-0.094440119
2011,MA,0.710279981,0.18594932,1.323335704
2011,MD,0.614600474,0.089443546,1.231989608
2011,ME,0.082553868,-0.448355914,0.661859118
2011,MI,-0.421194924,-0.776451146,0.000853232
2011,MN,-0.784547199,-1.15312303,-0.354346073
2011,MO,-0.868953383,-1.238920731,-0.436240444
2011,MS,-0.865902892,-1.292597449,-0.380871482
2011,MT,-1.041288859,-1.598387378,-0.520995577
2011,NC,-0.482716122,-0.844418886,-0.034550573
2011,ND,-1.689566934,-2.243658302,-1.084023513
2011,NE,-0.754839386,-1.220870049,-0.256340248
2011,NH,0.005942897,-0.513339643,0.570385858
2011,NJ,0.532151676,0.039934195,1.146882505
2011,NM,-0.178862564,-0.691112643,0.404168887
2011,NV,-0.442527512,-0.902288638,0.06582017
2011,NY,0.872245639,0.326408167,1.462634195
2011,OH,-0.671553512,-1.011130223,-0.275913046
2011,OK,-1.230789474,-1.658693735,-0.79773351
2011,OR,-0.203698734,-0.613418483,0.317631452
2011,PA,-0.21127346,-0.600927593,0.226512229
2011,RI,1.085666864,0.381219213,1.905766835
2011,SC,-0.693784123,-1.10336933,-0.26670811
2011,SD,-1.207874091,-1.753431439,-0.685423863
2011,TN,-0.720781792,-1.112248273,-0.259921121
2011,TX,-0.736456098,-1.068273571,-0.357704397
2011,UT,-1.778198346,-2.220941672,-1.311545467
2011,VA,-0.291334072,-0.709176398,0.176669208
2011,VT,1.176120685,0.414066592,1.953637703
2011,WA,0.166446042,-0.306239463,0.715200169
2011,WI,-0.583084785,-0.965814622,-0.153427674
2011,WV,-0.895926914,-1.330801592,-0.41471677
2011,WY,-1.413713493,-1.966547886,-0.821577496
2012,AK,-0.913426543,-1.431424908,-0.371210419
2012,AL,-1.220852416,-1.620685011,-0.775133299
2012,AR,-0.836311431,-1.299465082,-0.318056508
2012,AZ,-0.217026427,-0.651236649,0.274161619
2012,CA,0.89923531,0.360363829,1.488273684
2012,CO,-0.086295076,-0.564275991,0.448910113
2012,CT,0.918942406,0.330722898,1.60992349
2012,DC,3.642333327,2.543953326,4.823353943
2012,DE,0.390671233,-0.171725886,1.07628326
2012,FL,-0.003352823,-0.428055995,0.469893276
2012,GA,-0.331215664,-0.74542184,0.152597507
2012,HI,0.883936439,0.188626544,1.681473536
2012,IA,-0.659761736,-1.108384291,-0.163949468
2012,ID,-1.800772862,-2.238712175,-1.324603978
2012,IL,0.469439973,-0.018039511,1.024108877
2012,IN,-0.774356715,-1.166619502,-0.310169646
2012,KS,-0.96785867,-1.389859403,-0.514880547
2012,KY,-0.848755848,-1.290419896,-0.413049207
2012,LA,-0.531612955,-1.023150403,-0.05249729
2012,MA,1.343656084,0.685394444,1.999143496
2012,MD,1.065627705,0.459485897,1.711278937
2012,ME,0.30214434,-0.302680241,0.932665965
2012,MI,-0.267365482,-0.665585863,0.200164691
2012,MN,-0.303366721,-0.764926108,0.201102585
2012,MO,-0.698048832,-1.106410909,-0.225934735
2012,MS,-1.16161985,-1.632048401,-0.652328378
2012,MT,-0.907072681,-1.400632102,-0.351848616
2012,NC,-0.50698187,-0.912876062,-0.058582412
2012,ND,-1.485603415,-2.07062643,-0.866860637
2012,NE,-0.629934131,-1.137699859,-0.100860585
2012,NH,0.41823252,-0.189310436,1.045599746
2012,NJ,0.745014313,0.188799483,1.345592724
2012,NM,0.054972255,-0.484056817,0.640582022
2012,NV,-0.019297189,-0.521436999,0.552145249
2012,NY,1.33754918,0.699304755,1.987889237
2012,OH,-0.606810342,-0.980043949,-0.188592411
2012,OK,-1.306612824,-1.749459961,-0.856508035
2012,OR,0.233790793,-0.264342445,0.824829989
2012,PA,-0.167691947,-0.584937845,0.277528973
2012,RI,1.395024524,0.670135747,2.266128944
2012,SC,-0.609730374,-1.031427402,-0.126465144
2012,SD,-1.18089164,-1.73259332,-0.607433607
2012,TN,-0.603248154,-1.014961941,-0.137327895
2012,TX,-0.404200009,-0.775329067,0.006681798
2012,UT,-1.750658067,-2.202505638,-1.251005308
2012,VA,0.145853967,-0.336077343,0.665922477
2012,VT,1.45573401,0.64122554,2.334211662
2012,WA,0.450441761,-0.059439169,1.033350201
2012,WI,-0.369404224,-0.803848005,0.11927205
2012,WV,-1.21384111,-1.681223107,-0.679326223
2012,WY,-1.275226076,-1.877673798,-0.663124134
2013,AK,-1.041662363,-1.545569797,-0.483996197
2013,AL,-1.340588245,-1.779343549,-0.861190608
2013,AR,-1.010960645,-1.520584343,-0.481698424
2013,AZ,-0.478894645,-0.930276145,0.038926054
2013,CA,0.84395701,0.315859811,1.452118194
2013,CO,-0.349352946,-0.833573141,0.17907895
2013,CT,0.83455579,0.232455868,1.526169971
2013,DC,3.700832813,2.588468229,4.900322881
2013,DE,0.266357807,-0.380623415,0.95922586
2013,FL,-0.102827067,-0.550700751,0.383529146
2013,GA,-0.657074423,-1.05262256,-0.164131222
2013,HI,0.815159554,0.074583768,1.708925449
2013,IA,-0.727397215,-1.169095708,-0.183734519
2013,ID,-1.729295687,-2.241612078,-1.226403779
2013,IL,0.664028302,0.123467699,1.261165924
2013,IN,-0.932805438,-1.362929999,-0.433592129
2013,KS,-0.995491835,-1.467587898,-0.50401617
2013,KY,-0.979336673,-1.441503248,-0.492315588
2013,LA,-0.645507068,-1.107016761,-0.116705461
2013,MA,1.016547618,0.362465505,1.738717487
2013,MD,0.799758722,0.215111321,1.439914092
2013,ME,0.01811964,-0.603009998,0.66760275
2013,MI,-0.37296733,-0.772301486,0.122166688
2013,MN,-0.538283571,-1.000836623,-0.038073434
2013,MO,-0.745625374,-1.178724686,-0.26521153
2013,MS,-1.34652779,-1.845707278,-0.827980165
2013,MT,-1.091096779,-1.673354208,-0.494622513
2013,NC,-0.615518758,-1.034310937,-0.167563796
2013,ND,-1.610000483,-2.231866063,-0.95403769
2013,NE,-0.569553458,-1.09904987,-0.015242788
2013,NH,0.256097677,-0.367002328,0.987625731
2013,NJ,0.651065821,0.081730487,1.297626385
2013,NM,0.060068194,-0.488091221,0.69798253
2013,NV,-0.186203617,-0.691723249,0.403058275
2013,NY,1.201074852,0.602450123,1.92164807
2013,OH,-0.850778496,-1.250957708,-0.377142198
2013,OK,-1.474782898,-1.947466739,-0.975568208
2013,OR,0.154844626,-0.344374713,0.742143077
2013,PA,-0.243768926,-0.682685925,0.24797488
2013,RI,1.450727171,0.669835314,2.381900809
2013,SC,-0.760678854,-1.240602186,-0.255362613
2013,SD,-1.321486905,-1.903656851,-0.686244282
2013,TN,-0.738105868,-1.197313196,-0.244639488
2013,TX,-0.592556658,-0.977769546,-0.167432854
2013,UT,-1.885980662,-2.478562039,-1.301151865
2013,VA,-0.148712968,-0.621505639,0.397012816
2013,VT,1.213932352,0.414703066,2.137543387
2013,WA,0.508727002,-0.039003859,1.164991979
2013,WI,-0.541536932,-0.976560026,-0.033607119
2013,WV,-1.20455206,-1.694359898,-0.642785586
2013,WY,-1.333847321,-1.984135546,-0.703802386
2014,AK,-1.302401654,-1.822699295,-0.755713793
2014,AL,-1.502499848,-1.975992639,-1.019910591
2014,AR,-1.345484138,-1.894531477,-0.811939117
2014,AZ,-0.488294344,-0.962305702,0.056957289
2014,CA,0.987046499,0.427815306,1.596006907
2014,CO,-0.439456437,-0.925782092,0.074392369
2014,CT,0.741548252,0.084959376,1.428303969
2014,DC,3.83405209,2.667084383,5.139092037
2014,DE,0.153868276,-0.481060028,0.872241905
2014,FL,-0.085178374,-0.514307387,0.451161107
2014,GA,-0.647488544,-1.089171635,-0.169600191
2014,HI,0.732872545,-0.044274959,1.57355843
2014,IA,-1.151689376,-1.657616229,-0.582095146
2014,ID,-2.028695869,-2.553388357,-1.451788633
2014,IL,0.27711344,-0.238984478,0.84005593
2014,IN,-1.134034753,-1.577005334,-0.673601506
2014,KS,-1.332245452,-1.82005844,-0.80567596
2014,KY,-1.467845719,-1.910441187,-0.97328992
2014,LA,-0.868036273,-1.374032368,-0.319346224
2014,MA,0.889725682,0.226565029,1.524883711
2014,MD,0.882243486,0.249406015,1.527956398
2014,ME,-0.284990626,-0.929579212,0.395086917
2014,MI,-0.782367739,-1.194152827,-0.325703779
2014,MN,-0.847072477,-1.288214901,-0.322650658
2014,MO,-1.00574256,-1.439928445,-0.546024222
2014,MS,-1.673207355,-2.225954938,-1.116809302
2014,MT,-1.420592295,-2.004801538,-0.787863518
2014,NC,-0.833909562,-1.228387491,-0.336288951
2014,ND,-2.007725576,-2.73155636,-1.350179154
2014,NE,-0.941482943,-1.483984114,-0.331632173
2014,NH,-0.052776574,-0.669591422,0.665579862
2014,NJ,0.636821414,0.079688061,1.260875862
2014,NM,-0.181639331,-0.757600663,0.51282018
2014,NV,-0.304255224,-0.865393599,0.315999743
2014,NY,0.990718931,0.399085235,1.641916815
2014,OH,-0.998219866,-1.371828501,-0.537886828
2014,OK,-1.796848329,-2.287536284,-1.291357316
2014,OR,-0.105220461,-0.621861411,0.510808537
2014,PA,-0.759079863,-1.15167233,-0.296019578
2014,RI,1.182665942,0.365221911,2.14712596
2014,SC,-0.833790566,-1.332388519,-0.368952165
2014,SD,-1.655676617,-2.311617888,-1.014408215
2014,TN,-0.854554579,-1.307883305,-0.336901723
2014,TX,-0.553651416,-0.972022163,-0.077246744
2014,UT,-1.937885843,-2.525827566,-1.30603752
2014,VA,-0.299386768,-0.779101723,0.248372557
2014,VT,1.019974163,0.151080631,1.968747322
2014,WA,0.29625019,-0.227969937,0.911901378
2014,WI,-1.031814896,-1.47729551,-0.539577074
2014,WV,-1.678518841,-2.248357207,-1.132800095
2014,WY,-1.674153325,-2.383326722,-0.985389326
2015,AK,-1.108405929,-1.631764732,-0.512178826
2015,AL,-1.274363359,-1.782326111,-0.743166203
2015,AR,-1.091224776,-1.708001946,-0.466060657
2015,AZ,-0.391876584,-0.911733463,0.21755305
2015,CA,1.004479114,0.426625472,1.658911893
2015,CO,-0.235261438,-0.785976673,0.367599541
2015,CT,1.020160876,0.336841519,1.788763217
2015,DC,4.282589514,3.006117188,5.751582874
2015,DE,0.298173109,-0.366683015,1.083653506
2015,FL,-0.102470569,-0.58164,0.430179651
2015,GA,-0.596480902,-1.070825575,-0.041641619
2015,HI,1.021401855,0.188147567,1.984235595
2015,IA,-0.9249837,-1.494486582,-0.360009512
2015,ID,-1.794630669,-2.376521398,-1.181710488
2015,IL,0.662464028,0.076150918,1.280947354
2015,IN,-0.874280005,-1.357390086,-0.316934075
2015,KS,-1.0700321,-1.622812082,-0.508225945
2015,KY,-1.17208406,-1.687606815,-0.61306032
2015,LA,-0.586620068,-1.126249319,0.019617261
2015,MA,1.069198729,0.397133412,1.827493889
2015,MD,1.064186654,0.409997555,1.744949556
2015,ME,-0.175015791,-0.864903349,0.603505801
2015,MI,-0.46580678,-0.923885024,0.085455836
2015,MN,-0.646098239,-1.141530712,-0.052262695
2015,MO,-0.653937127,-1.180188442,-0.115847918
2015,MS,-1.470159336,-2.079449253,-0.826866435
2015,MT,-1.274762398,-1.964888789,-0.573973385
2015,NC,-0.572400242,-1.034262862,-0.005304286
2015,ND,-1.756473822,-2.462103969,-0.975134462
2015,NE,-0.594885984,-1.218078767,-0.004946065
2015,NH,0.200497104,-0.524440306,0.937189558
2015,NJ,0.841958377,0.214882685,1.515949995
2015,NM,0.132099574,-0.514282866,0.864335986
2015,NV,-0.096451246,-0.711494824,0.561731596
2015,NY,1.426490413,0.761218014,2.175536091
2015,OH,-0.911955377,-1.347306591,-0.448689709
2015,OK,-1.60328793,-2.114882684,-1.027116492
2015,OR,0.170851413,-0.419708034,0.87273797
2015,PA,-0.477498261,-0.952512664,0.028010327
2015,RI,1.537076717,0.648891886,2.549317055
2015,SC,-0.634342153,-1.192820038,-0.051140812
2015,SD,-1.443797714,-2.122615211,-0.782207563
2015,TN,-0.563173724,-1.090005076,0.007089544
2015,TX,-0.517315804,-0.9581905,0.006078309
2015,UT,-1.803484417,-2.439167581,-1.093944763
2015,VA,-0.057730834,-0.604681831,0.569003335
2015,VT,1.233065227,0.320784534,2.296041325
2015,WA,0.675570348,0.094873752,1.433892049
2015,WI,-0.667042013,-1.148457243,-0.113979998
2015,WV,-1.403415239,-1.979329869,-0.779275105
2015,WY,-1.360431215,-2.12479344,-0.605788758
2016,AK,-0.422013796,-1.038043471,0.196621482
2016,AL,-0.698988178,-1.250846466,-0.088268998
2016,AR,-0.458091818,-1.076107532,0.197741955
2016,AZ,0.364087194,-0.235634292,1.069039674
2016,CA,1.680974911,1.007683364,2.398017739
2016,CO,0.493608537,-0.166895349,1.210293315
2016,CT,1.656909457,0.856529112,2.511247993
2016,DC,4.940055792,3.602878448,6.553566341
2016,DE,1.04660213,0.287240052,1.951312839
2016,FL,0.845814043,0.251766197,1.539719792
2016,GA,0.217061533,-0.351097684,0.835616584
2016,HI,1.742443683,0.772525814,2.862688017
2016,IA,-0.172081939,-0.775045528,0.522184475
2016,ID,-1.137686983,-1.816961153,-0.464773745
2016,IL,1.18693255,0.527112416,1.911582748
2016,IN,-0.204284527,-0.776378956,0.391589275
2016,KS,-0.392734475,-0.999892327,0.250718023
2016,KY,-0.524526616,-1.115317657,0.08985467
2016,LA,0.019475502,-0.583869947,0.701186166
2016,MA,1.799773898,0.972616684,2.652905596
2016,MD,1.790175544,0.936844873,2.602476208
2016,ME,0.636011227,-0.129609549,1.566889028
2016,MI,0.141129367,-0.365237293,0.738258974
2016,MN,0.077359399,-0.471956746,0.754369438
2016,MO,0.020473367,-0.49149869,0.68557801
2016,MS,-0.87167953,-1.503191169,-0.213638164
2016,MT,-0.56043292,-1.276283368,0.206452531
2016,NC,0.056344886,-0.499383832,0.69977833
2016,ND,-1.096078879,-1.937801573,-0.276851415
2016,NE,0.023413835,-0.660066416,0.761996649
2016,NH,0.933570055,0.140502523,1.778779176
2016,NJ,1.446014998,0.688780283,2.224948086
2016,NM,0.803519986,0.043902517,1.665902797
2016,NV,0.565324102,-0.152493147,1.355196596
2016,NY,2.017987901,1.254023024,2.90893184
2016,OH,-0.296978291,-0.76822539,0.268930088
2016,OK,-0.91951074,-1.49916573,-0.259567704
2016,OR,0.883018542,0.20036876,1.693415654
2016,PA,0.247447211,-0.316099266,0.846935303
2016,RI,2.204460442,1.164342828,3.300651709
2016,SC,0.129012508,-0.494765989,0.820129697
2016,SD,-0.788964627,-1.504685807,0.017753375
2016,TN,0.115874031,-0.484993857,0.757699308
2016,TX,0.368084258,-0.181468223,0.999258786
2016,UT,-1.107485447,-1.859377136,-0.347953937
2016,VA,0.680771004,0.093925956,1.410034324
2016,VT,2.036826986,0.980216369,3.206885399
2016,WA,1.247025266,0.542853688,2.01964023
2016,WI,-0.013171871,-0.574601425,0.614188504
2016,WV,-0.795851769,-1.464319725,-0.115262329
2016,WY,-0.690502846,-1.500113412,0.197108892
2017,AK,0.114558661,-0.549609746,0.833532557
2017,AL,-0.156441737,-0.81350082,0.541010214
2017,AR,0.129974905,-0.564820004,0.91373168
2017,AZ,0.761581321,0.09073464,1.518110022
2017,CA,2.215083909,1.458726632,3.081242685
2017,CO,1.106424582,0.320405127,1.891547138
2017,CT,2.205601279,1.305284567,3.273855235
2017,DC,5.43344015,3.902339036,7.318004192
2017,DE,1.549514519,0.750147494,2.582106244
2017,FL,1.148810241,0.480195238,1.90131702
2017,GA,0.680609277,0.043009065,1.395403519
2017,HI,2.36126895,1.295212453,3.597050891
2017,IA,0.40434193,-0.267651363,1.162702786
2017,ID,-0.518503998,-1.307362508,0.256927562
2017,IL,1.868200256,1.106840626,2.6957087
2017,IN,0.230681616,-0.399137621,0.91659233
2017,KS,0.109628786,-0.523034633,0.897168025
2017,KY,-0.02471127,-0.676396624,0.704380976
2017,LA,0.544014333,-0.097101729,1.311921767
2017,MA,2.247440382,1.341028423,3.196556397
2017,MD,2.269702171,1.397359159,3.164131595
2017,ME,1.18890554,0.28254444,2.231930851
2017,MI,0.793329136,0.215545492,1.52123225
2017,MN,0.67434172,0.029314324,1.41833345
2017,MO,0.623025566,0.026943633,1.34443571
2017,MS,-0.314194014,-1.023486299,0.454523649
2017,MT,-0.0062518,-0.832612894,0.88460124
2017,NC,0.614013534,-0.041633053,1.311060062
2017,ND,-0.569508412,-1.475037052,0.362022423
2017,NE,0.641890657,-0.054343172,1.446749084
2017,NH,1.437663657,0.512574961,2.381030865
2017,NJ,1.876351208,1.057197255,2.754659751
2017,NM,1.43897751,0.608680392,2.397387204
2017,NV,1.132904802,0.31422472,2.052770902
2017,NY,2.485216592,1.646786369,3.465099037
2017,OH,0.200760565,-0.340163215,0.813493936
2017,OK,-0.4248916,-1.067013723,0.3574398
2017,OR,1.53234384,0.73773962,2.427211925
2017,PA,0.536870415,-0.078746647,1.201134462
2017,RI,2.908617532,1.827021044,4.178904329
2017,SC,0.672842705,-0.024446535,1.506550044
2017,SD,-0.204292347,-0.992839939,0.679251968
2017,TN,0.760847724,0.066352283,1.534578707
2017,TX,0.629096629,0.04721145,1.256881521
2017,UT,-0.586065028,-1.362951189,0.370853501
2017,VA,1.271508774,0.598293728,2.089798308
2017,VT,2.712480457,1.492976809,4.09378291
2017,WA,1.910470421,1.126379092,2.821820369
2017,WI,0.679342413,0.030946112,1.372001601
2017,WV,-0.129629448,-0.844519791,0.67197781
2017,WY,-0.115627321,-1.032862088,0.861850202