Country,ourcodes,emissions.cumul,region_pop,emissions.percap,emissions.percap.bin
Austria,AT-1,278635.43607550004,296037.75,0.9412158958629433,0-1
Austria,AT-2,213178.22252125002,556996,0.3827284621815058,0-1
Austria,AT-3,2768460.7434563,1724507.5,1.6053631216195348,1-2
Austria,AT-4,2176210.6680598,1437458.375,1.5139295202616214,1-2
Austria,AT-5,315006.72740046005,548745.25,0.5740491191503891,0-1
Austria,AT-6,2099044.5530287996,1242931.5,1.6887853860239277,1-2
Austria,AT-7,318882.77684196,750898.4375,0.4246683185327043,0-1
Austria,AT-8,214947.33640109998,385822.84375,0.5571140742002786,0-1
Austria,AT-9,1568830.4261836,1838974.75,0.853100580192088,0-1
Belgium,BE-BRU,40408.498330217,1261529.375,0.03203135743883649,0-1
Belgium,BE-VAN,2524778.2696017,1882165.75,1.3414218538413527,1-2
Belgium,BE-VBR,1465420.4436941,1165318.375,1.2575279641446484,1-2
Belgium,BE-VLI,994816.30101995,890405.5625,1.1172620016285555,1-2
Belgium,BE-VOV,2234726.6598179,1521633.625,1.4686364858806928,1-2
Belgium,BE-VWV,1165834.3170164002,1185571,0.9833525929838028,0-1
Belgium,BE-WBR,144655.27115194002,409393.03125,0.35334082436690234,0-1
Belgium,BE-WHT,2366565.7158324,1359944.75,1.7401925451989135,1-2
Belgium,BE-WLG,1389632.7030559,1130560,1.2291543156098748,1-2
Belgium,BE-WLX,30641.786023813,292058.5625,0.10491658166609309,0-1
Belgium,BE-WNA,233306.81208550002,503594.09375,0.4632834558248828,0-1
Bulgaria,BG31,306916.52931784,698911.3125,0.43913515753522736,0-1
Bulgaria,BG32,783417.59555978,742598,1.0549686311568036,1-2
Bulgaria,BG33,1200025.9053041,915602.9375,1.3106400778712004,1-2
Bulgaria,BG34,7258141.1521998,1000409.1875,7.2551724263326,5-10
Bulgaria,BG41,2116275.1768649,2182557.25,0.969631003660912,0-1
Bulgaria,BG42,94718.481126559,1372606.625,0.0690062829374432,0-1
Croatia,HR-01,220214.60931709,250785.171875,0.8781005976974292,0-1
Croatia,HR-02,220214.60931709,125196.59375,1.7589504851611828,1-2
Croatia,HR-03,1127774.6473959,163060.6875,6.916287823181783,5-10
Croatia,HR-04,1127774.6473959,119597.90625,9.429718987207604,5-10
Croatia,HR-05,220214.60931709,169904.421875,1.2961087586001947,1-2
Croatia,HR-06,220214.60931709,108460.640625,2.0303642689929946,2-3
Croatia,HR-07,1127774.6473959,109273.5234375,10.320657849391496,10-20
Croatia,HR-08,736764.22009072,276037,2.6690777688886635,2-3
Croatia,HR-09,736764.22009072,48548.8671875,15.175724229471136,10-20
Croatia,HR-10,1127774.6473959,78070.4140625,14.44560863341969,10-20
Croatia,HR-11,1127774.6473959,71778.0625,15.71196836632223,10-20
Croatia,HR-12,1127774.6473959,143951.46875,7.8344087572632,5-10
Croatia,HR-13,736764.22009072,164458,4.479953666533218,4-5
Croatia,HR-14,1127774.6473959,283659.84375,3.9757994381109856,3-4
Croatia,HR-15,736764.22009072,99016,7.440860265923891,5-10
Croatia,HR-16,1127774.6473959,158750.765625,7.104058005363714,5-10
Croatia,HR-17,736764.22009072,420865,1.7505951316710109,1-2
Croatia,HR-18,736764.22009072,197552.15625,3.7294668611885626,3-4
Croatia,HR-19,736764.22009072,112825.09375,6.530144984618903,5-10
Croatia,HR-20,220214.60931709,107706.546875,2.044579607334942,2-3
Croatia,HR-21,655492.21971621,876281.0625,0.7480387831800371,0-1
Cyprus,CY-01,3126325.576845,344656.375,9.070847962249356,5-10
Cyprus,CY-02,3126325.576845,270393.40625,11.562136888628363,10-20
Cyprus,CY-03,3126325.576845,156304.609375,20.001493169945103,20+
Cyprus,CY-04,3126325.576845,50156.49609375,62.331419064869074,20+
Cyprus,CY-05,3126325.576845,117730.078125,26.555028473909797,20+
Cyprus,CY-06,3126325.576845,NA,NA,NA
Czechia,CZ-10,680886.96905325,1340494.875,0.5079370177026973,0-1
Czechia,CZ-20,3342311.2666309997,1587333.25,2.105614096240345,2-3
Czechia,CZ-31,1183260.5919110999,639538.125,1.8501799121218925,1-2
Czechia,CZ-32,1183260.5919110999,595831.875,1.9858967630946227,1-2
Czechia,CZ-41,15805208.853384,293795.4375,53.79664499855958,20+
Czechia,CZ-42,15805208.853384,816531.8125,19.35651325695776,10-20
Czechia,CZ-51,5312627.5553374,438178.875,12.124335193789067,10-20
Czechia,CZ-52,5312627.5553374,553304.0625,9.60164205434042,5-10
Czechia,CZ-53,5312627.5553374,516696.09375,10.281919332465247,10-20
Czechia,CZ-63,790384.7691920501,515522.875,1.533171091956007,1-2
Czechia,CZ-64,790384.7691920501,1200559.625,0.6583469514827721,0-1
Czechia,CZ-71,730214.16807172,611514.875,1.1941069594941907,1-2
Czechia,CZ-72,730214.16807172,571640.3125,1.2774014570074954,1-2
Czechia,CZ-80,3088137.6755962,1157654.75,2.6675808790109485,2-3
Denmark,DK-81,898636.79731786,576354.125,1.5591747475006967,1-2
Denmark,DK-82,1020952.3758559,1338319.125,0.7628616798373109,0-1
Denmark,DK-83,1397526.1422136,1221365.5,1.1442325349894031,1-2
Denmark,DK-84,644558.51070575,1859479,0.3466339284852101,0-1
Denmark,DK-85,213672.42695449,817387.625,0.26140893306831015,0-1
Estonia,EE001,2982435.2695780997,621479.375,4.798928797239811,4-5
Estonia,EE004,2982435.2695780997,151320.265625,19.70942396419746,10-20
Estonia,EE006,2982435.2695780997,130235.4453125,22.90033456269716,20+
Estonia,EE007,2982435.2695780997,169963.140625,17.547541535246324,10-20
Estonia,EE008,2982435.2695780997,306363.5625,9.734954265581436,5-10
Finland,FI-02,1367603.8588947998,131891.296875,10.369174398148095,10-20
Finland,FI-03,3420492.9708388,197163.90625,17.348474352611383,10-20
Finland,FI-04,429941.8156892,146180.859375,2.941163552652702,2-3
Finland,FI-05,429941.8156892,76081.5234375,5.6510673848742226,5-10
Finland,FI-06,1367603.8588947998,179650.25,7.6125909031287176,5-10
Finland,FI-07,429941.8156892,71190.84375,6.039285293471465,5-10
Finland,FI-08,3420492.9708388,279533.46875,12.236434463945741,10-20
Finland,FI-09,1367603.8588947998,174841.78125,7.82195107552303,5-10
Finland,FI-10,429941.8156892,177900.953125,2.4167482418551547,2-3
Finland,FI-11,3420492.9708388,531758.3125,6.4324203128254815,5-10
Finland,FI-12,3420492.9708388,182544.4375,18.737864695760997,10-20
Finland,FI-13,429941.8156892,165326.078125,2.6005686493338875,2-3
Finland,FI-14,429941.8156892,420769.875,1.0217979975139617,1-2
Finland,FI-15,429941.8156892,248317.796875,1.7314176474657885,1-2
Finland,FI-16,1367603.8588947998,203585.515625,6.717589189468153,5-10
Finland,FI-17,3420492.9708388,222669.21875,15.361319314993105,10-20
Finland,FI-18,2673154.486754,1681816.75,1.5894445615159918,1-2
Finland,FI-19,1367603.8588947998,478877.5625,2.855852865093883,2-3
France and Monaco,FR-ARA,571706.6585003,8298661.5,0.0688914300818632,0-1
France and Monaco,FR-BFC,133754.822635527,2948733.5,0.0453600919294765,0-1
France and Monaco,FR-BRE,715411.6152938,3497843.75,0.20452932332777873,0-1
France and Monaco,FR-COR,542994.16581873,350119.15625,1.550883909451127,1-2
France and Monaco,FR-CVL,316.68077805372,2682490,1.180547841944313e-4,0-1
France and Monaco,FR-GES,2899375.8474037703,5769994,0.5024920038744877,0-1
France and Monaco,FR-HDF,9621074.534452692,6074977,1.5837219687338226,1-2
France and Monaco,FR-IDF,2509016.3647937,12763105,0.1965835401960338,0-1
France and Monaco,FR-NAQ,236495.32112060298,6303346,0.037519013095680134,0-1
France and Monaco,FR-NOR,452037.802623501,3440070.75,0.13140363541171385,0-1
France and Monaco,FR-OCC,51418.2720985025,6343682.5,0.008105429629951137,0-1
France and Monaco,FR-PAC,2146994.3005144,5319324,0.4036216445011434,0-1
France and Monaco,FR-PDL,2224484.0467511998,3967473.25,0.5606802885819583,0-1
Germany,DE-BB,14840050.302729,2393931.25,6.1990294427749335,5-10
Germany,DE-BE,3899637.2382639,3224564.25,1.2093532446326352,1-2
Germany,DE-BW,21925581.602260202,10396334,2.108972412992907,2-3
Germany,DE-BY,12457064.029488053,12529903,0.9941867889550344,0-1
Germany,DE-HB,2631958.183488,631209.6875,4.169704989656072,4-5
Germany,DE-HE,7518817.0330539895,5906363.5,1.2730027593211948,1-2
Germany,DE-HH,1146051.3270778,1687803.75,0.6790193036825519,0-1
Germany,DE-MV,2204300.272157,1459629.125,1.510178328455182,1-2
Germany,DE-NI,14421658.702833692,7595140,1.8988009046355554,1-2
Germany,DE-NW,56826762.27217949,17052306,3.332497216046879,3-4
Germany,DE-RP,2771888.97931081,3980964.5,0.6962857818276978,0-1
Germany,DE-SH,2696562.6557193,2757280.5,0.9779790832740085,0-1
Germany,DE-SL,6468159.1029823,935543.5625,6.913797884192379,5-10
Germany,DE-SN,14154745.02062746,3766834.25,3.757729722412782,3-4
Germany,DE-ST,5759012.0036707,2044331.125,2.817064189476986,2-3
Germany,DE-TH,1676475.6151592,1968142.25,0.8518061208020914,0-1
Greece,GR-A,1353331.7706944998,597918.1875,2.263406263577657,2-3
Greece,GR-B,467248.4638606,1855433.125,0.2518271650780192,0-1
Greece,GR-C,3494166.8073759,275176.96875,12.69788973709632,10-20
Greece,GR-E,75930.94358828399,716954.625,0.10590759992417093,0-1
Greece,GR-F,107976.19159765,188699.5625,0.5722121989426976,0-1
Greece,GR-H,4061588.3412508,514419.4375,7.895479923910924,5-10
Greece,GR-I,1295070.5146841998,3714436.25,0.3486587001416971,0-1
Greece,GR-J,1867050.4374521999,537711.875,3.4722135110968115,3-4
Greece,GR-K,62569.70458777,175085.59375,0.35736637862456916,0-1
Greece,GR-L,838666.56691198,288618.3125,2.9057981790811698,2-3
Greece,GR-M,1479151.5385832,614060.1875,2.4088054700390424,2-3
Hungary,HU1,2556155.5031466,2933106.5,0.8714840402646818,0-1
Hungary,HU21,1098138.9598514999,961503.1875,1.1421064164194463,1-2
Hungary,HU22,1539760.2476615,914533.1875,1.6836570489810683,1-2
Hungary,HU23,16184.263295788998,813564.6875,0.01989302577219958,0-1
Hungary,HU31,2662108.690866,1099130.375,2.4220135767478905,2-3
Hungary,HU32,260964.55866284,1511228.625,0.1726837053942384,0-1
Hungary,HU33,21160.819709738997,1136799.375,0.018614383659156214,0-1
Ireland,IE041,626252.24802916,473725.40625,1.321973108823863,1-2
Ireland,IE042,626252.24802916,518816.6875,1.2070780742363072,1-2
Ireland,IE051,3195946.3089398,530656.5,6.022627271954268,5-10
Ireland,IE052,3195946.3089398,485259.90625,6.5860506251948365,5-10
Ireland,IE053,3195946.3089398,759335.125,4.208874584775464,4-5
Ireland,IE061,3567572.1709152,1498308,2.3810672911812523,2-3
Ireland,IE062,3567572.1709152,831477.75,4.290640574465402,4-5
Ireland,IE063,3567572.1709152,353687.15625,10.086801592516691,10-20
"Italy, San Marino and the Holy See",IT-21,5746863.3719451,4521356.5,1.2710484943943483,1-2
"Italy, San Marino and the Holy See",IT-25,10733050.566476,10423629,1.029684629650192,1-2
"Italy, San Marino and the Holy See",IT-32,541336.44932964,1120862.875,0.4829640283425749,0-1
"Italy, San Marino and the Holy See",IT-34,3871167.544974,5169570.5,0.7488373637566216,0-1
"Italy, San Marino and the Holy See",IT-36,2087010.3939076997,1254202.125,1.6640143979246564,1-2
"Italy, San Marino and the Holy See",IT-42,1190972.8063532,1505358,0.7911558621624889,0-1
"Italy, San Marino and the Holy See",IT-45,5250092.806935799,4667922.5,1.1247172177635338,1-2
"Italy, San Marino and the Holy See",IT-52,2769852.5679586,3822587.25,0.7246015294899024,0-1
"Italy, San Marino and the Holy See",IT-55,871646.89036411,942343.75,0.9249776319566082,0-1
"Italy, San Marino and the Holy See",IT-57,460140.12900318,1611149.875,0.28559734643133683,0-1
"Italy, San Marino and the Holy See",IT-62,10960140.983208999,5874840,1.8656067200483757,1-2
"Italy, San Marino and the Holy See",IT-65,1418254.6236081,1328865.5,1.067267246841836,1-2
"Italy, San Marino and the Holy See",IT-67,954905.56832591,307233.125,3.108081422945231,3-4
"Italy, San Marino and the Holy See",IT-72,2205907.0941325,5784322.5,0.3813596309909241,0-1
"Italy, San Marino and the Holy See",IT-75,8850696.1199006,4017085.25,2.2032632043097915,2-3
"Italy, San Marino and the Holy See",IT-77,848168.15697653,562502.125,1.5078488049739012,1-2
"Italy, San Marino and the Holy See",IT-78,2793881.2358658,1856253.625,1.5051182652186337,1-2
"Italy, San Marino and the Holy See",IT-82,3626545.7134889,4925484.5,0.7362820273800273,0-1
"Italy, San Marino and the Holy See",IT-88,3979237.4087014,1632488.75,2.437528227193847,2-3
Latvia,LV003,1055752.7133051,326354.75,3.234984976639991,3-4
Latvia,LV005,1055752.7133051,371651.71875,2.840704509200121,2-3
Latvia,LV006,1055752.7133051,1039062.8125,1.0160624560943952,1-2
Latvia,LV007,1055752.7133051,172348.015625,6.125702750197244,5-10
Latvia,LV008,1055752.7133051,256576.5625,4.114766769880238,4-5
Latvia,LV009,1055752.7133051,309047.25,3.416153074667709,3-4
Lithuania,LT-AL,171894.31474626,134875.015625,1.274471138703603,1-2
Lithuania,LT-KL,171894.31474626,316154.71875,0.5437031445422954,0-1
Lithuania,LT-KU,171894.31474626,537281.25,0.3199335817995882,0-1
Lithuania,LT-MR,171894.31474626,142099.46875,1.2096759844238334,1-2
Lithuania,LT-PN,171894.31474626,212090.9375,0.8104745859132242,0-1
Lithuania,LT-SA,171894.31474626,258562.484375,0.6648076389030867,0-1
Lithuania,LT-TA,171894.31474626,84197.671875,2.0415566240531517,2-3
Lithuania,LT-TE,171894.31474626,129354.859375,1.328858580008487,1-2
Lithuania,LT-UT,171894.31474626,126613.9453125,1.3576254520937805,1-2
Lithuania,LT-VL,867180.3132891001,810452.375,1.0699954001480965,1-2
Luxembourg,LU.nat,157243.07136909,589729.5625,0.26663589782153746,0-1
Malta,MT.nat,822476.53736715,413462.34375,1.9892417043532757,1-2
Netherlands,NL-DR,222144.88158648,513246.25,0.43282319468769626,0-1
Netherlands,NL-FL,915586.4190944299,454489.28125,2.0145390812655823,2-3
Netherlands,NL-FR,842429.9092060201,660901.4375,1.2746679934495075,1-2
Netherlands,NL-GE,154730.12546816,2069244.75,0.07477613533544546,0-1
Netherlands,NL-GR,15163986.784393001,569126.4375,26.644319759601753,20+
Netherlands,NL-LI,1673984.2410491002,1095500.375,1.5280544664798497,1-2
Netherlands,NL-NB,1032635.3792437998,2537425.25,0.40696189148578854,0-1
Netherlands,NL-NH,2058683.3421870002,2819795,0.730082627349506,0-1
Netherlands,NL-OV,2391.7678638749,1169491.5,0.0020451348845843685,0-1
Netherlands,NL-ZE,1454275.6722940002,374904.375,3.879057619143549,3-4
Poland,PL-02,10240187.566774001,3179997.5,3.2201873010195765,3-4
Poland,PL-04,3124874.5964125,2135482.25,1.4633109670719575,1-2
Poland,PL-06,1733196.7825747,2155746,0.8039893301783698,0-1
Poland,PL-08,634922.9998153499,1030499.6875,0.6161311910299342,0-1
Poland,PL-10,20304535.939375002,2472276.25,8.212891233079233,5-10
Poland,PL-12,3757240.3079514,3437694.5,1.0929535210157273,1-2
Poland,PL-14,19554828.469712,5488302.5,3.5630012138930023,3-4
Poland,PL-16,10396617.1602467,972445.125,10.691212175336577,10-20
Poland,PL-18,1254492.7061663,2158494.25,0.5811888107491137,0-1
Poland,PL-20,937697.3697842599,1196029,0.7840088909083809,0-1
Poland,PL-22,1689468.5436725998,2373428.25,0.7118262554061198,0-1
Poland,PL-24,21705216.947779,4536521,4.784551189728649,4-5
Poland,PL-26,5581623.5835438,1271179.25,4.390902056923758,4-5
Poland,PL-30,4930331.134459601,3562091.5,1.3841113105768341,1-2
Poland,PL-32,6905080.2518281,1744501.875,3.958195947383605,3-4
Portugal,PT11,1147440.6375171,3335530,0.34400549163614175,0-1
Portugal,PT15,277.89620443802,497667.28125,5.583975778757708e-4,0-1
Portugal,PT20,222967.41982494,228321.921875,0.9765484540157671,0-1
Portugal,PT30,404045.9029603,255539.859375,1.58114629924473,1-2
Romania,RO11,145257.07292011002,2476881.5,0.058645144275214625,0-1
Romania,RO12,1017039.368226,2225390.25,0.4570161877117957,0-1
Romania,RO21,782767.8675182901,2998907.25,0.261017698202667,0-1
Romania,RO22,763400.37757129,2313010.5,0.33004622225938446,0-1
Romania,RO31,1593189.3158472,17909268,0.08895892985951186,0-1
Romania,RO32,907075.79225798,2370532,0.3826465081500608,0-1
Romania,RO41,8052965.7567208,1874707.375,4.295585467956459,4-5
Romania,RO42,1414058.9475295001,1721597.25,0.8213645482586012,0-1
Slovakia,SK01,631732.8717624,611358.25,1.0333268124907122,1-2
Slovakia,SK02,1557446.7076007,1814447.125,0.8583588279546587,0-1
Slovakia,SK03,271127.58062635997,1353748,0.20027921047813918,0-1
Slovakia,SK04,1404146.4715556998,1667614.75,0.8420089061671467,0-1
Slovenia,SI031,3381427.3573271,113820.2890625,29.70847627588013,20+
Slovenia,SI032,3381427.3573271,333469.3125,10.140145526365638,10-20
Slovenia,SI033,3381427.3573271,72253.0078125,46.79981442574771,20+
Slovenia,SI034,3381427.3573271,270016.84375,12.523023787574733,10-20
Slovenia,SI035,3381427.3573271,42426.51953125,79.7007955091968,20+
Slovenia,SI036,3381427.3573271,72151.8359375,46.865437495674954,20+
Slovenia,SI037,3381427.3573271,152700.78125,22.144139209026477,20+
Slovenia,SI038,3381427.3573271,55077.0703125,61.39446666537143,20+
Slovenia,SI041,508286.42902617995,618777.3125,0.8214367572278758,0-1
Slovenia,SI042,508286.42902617995,213842.015625,2.3769249814663493,2-3
Slovenia,SI043,508286.42902617995,116626.0625,4.358257649538498,4-5
Slovenia,SI044,508286.42902617995,117973.2890625,4.308487396302899,4-5
Spain and Andorra,ES-AN,5851774.1284928,9184392,0.6371433327859699,0-1
Spain and Andorra,ES-AR,1627312.1136216,1485632.125,1.0953668046331457,1-2
Spain and Andorra,ES-AS,1493514.2892844998,1067257.25,1.3993948406389367,1-2
Spain and Andorra,ES-CB,241328.56919623,624373.25,0.38651330625748304,0-1
Spain and Andorra,ES-CE,123368.14803385001,75893.484375,1.6255433394554828,1-2
Spain and Andorra,ES-CL,622015.1260129,2497107.25,0.24909427739353207,0-1
Spain and Andorra,ES-CM,866856.367097,2618433,0.33105921255078896,0-1
Spain and Andorra,ES-CN,4552315.7960869,2379993.75,1.9127427524071858,1-2
Spain and Andorra,ES-CT,3801635.3886687,8627550,0.4406390445339291,0-1
Spain and Andorra,ES-EX,99636.14520180301,1147705,0.08681337556410663,0-1
Spain and Andorra,ES-GA,1851395.1909166002,2733566.75,0.677281866600331,0-1
Spain and Andorra,ES-IB,1748290.8487479,1330889.75,1.313625601780989,1-2
Spain and Andorra,ES-MC,2194448.9446378998,1725722.125,1.2716119894666702,1-2
Spain and Andorra,ES-MD,501413.17099301,7480357.5,0.06703064271901576,0-1
Spain and Andorra,ES-ML,53509.076255647,82928.46875,0.6452437511773904,0-1
Spain and Andorra,ES-NC,1064742.7794678,726830.625,1.464911827934878,1-2
Spain and Andorra,ES-PV,1441530.6707350002,2250327.25,0.6405871282654557,0-1
Spain and Andorra,ES-RI,479374.32893249,366064.0625,1.3095367123957709,1-2
Spain and Andorra,ES-VC,2316200.8792127,5803558.5,0.39910011749045,0-1
Sweden,SE11,423899.01386953,2394921.5,0.1769991266392364,0-1
Sweden,SE12,1122934.1869006,1675741.875,0.6701116703314466,0-1
Sweden,SE21,493432.17905578,807676.0625,0.6109283188713792,0-1
Sweden,SE22,1090463.1847207,1536891.5,0.7095251582305582,0-1
Sweden,SE23,1769317.1712136,2018967.375,0.8763475790259365,0-1
Sweden,SE31,202614.14419845,829546.5,0.24424687970891323,0-1
Sweden,SE32,223155.64370443,357084.75,0.6249374797003512,0-1
Sweden,SE33,508386.28184838,494191.15625,1.0287239571547473,1-2
