iso_3166,GID_0_gadm,NAME_0_gadm,exposure
AD,AND,Andorra,0.3720191799611
AE,ARE,United Arab Emirates,0.5427650043085672
AF,AFG,Afghanistan,0.556237055544651
AG,ATG,Antigua and Barbuda,0.5397942404961587
AL,ALB,Albania,0.47771759616139603
AM,ARM,Armenia,0.4476683431008864
AR,ARG,Argentina,0.5210581331163809
AT,AUT,Austria,0.4224575087871444
AU,AUS,Australia,0.44980398743417827
AZ,AZE,Azerbaijan,0.4776295357339981
BA,BIH,Bosnia and Herzegovina,0.4169989437962863
BB,BRB,Barbados,0.4671535409474251
BD,BGD,Bangladesh,0.5794732002858847
BE,BEL,Belgium,0.43254190819802296
BF,BFA,Burkina Faso,0.5133852997821474
BG,BGR,Bulgaria,0.4965448687923248
BH,BHR,Bahrain,0.5978671988007976
BI,BDI,Burundi,0.630319987660178
BJ,BEN,Benin,0.5183528721707248
BO,BOL,Bolivia,0.4885929734983625
BR,BRA,Brazil,0.5154527253416477
BS,BHS,Bahamas,0.5810629304376227
BW,BWA,Botswana,0.5484654760003096
BY,BLR,Belarus,0.40128112676171646
BZ,BLZ,Belize,0.5615070401012113
CA,CAN,Canada,0.40140932492686865
CD,COD,Democratic Republic of the Congo,0.5385253531926677
CF,CAF,Central African Republic,0.5452926075257447
CG,COG,Republic of Congo,0.562352645571504
CH,CHE,Switzerland,0.3816872358495968
CI,CIV,C√¥te d'Ivoire,0.4890095166467257
CL,CHL,Chile,0.4160189852479277
CM,CMR,Cameroon,0.502434362899321
CN,CHN,China,0.45687419119385525
CO,COL,Colombia,0.5177954426954101
CR,CRI,Costa Rica,0.4979617720661283
CU,CUB,Cuba,0.5211874193083947
CV,CPV,Cape Verde,0.49658863596897346
CY,CYP,Cyprus,0.3746153194405937
CZ,CZE,Czech Republic,0.38412895723413665
DE,DEU,Germany,0.3762844577052227
DJ,DJI,Djibouti,0.5948953358855767
DK,DNK,Denmark,0.41784964934522456
DM,DMA,Dominica,0.4332854277673077
DO,DOM,Dominican Republic,0.5227099762991693
DZ,DZA,Algeria,0.4982067756454485
EC,ECU,Ecuador,0.5755032744708135
EE,EST,Estonia,0.4332648098017485
EG,EGY,Egypt,0.5339911645758418
ES,ESP,Spain,0.416559436757415
ET,ETH,Ethiopia,0.5097917046589205
FI,FIN,Finland,0.4778872363724106
FR,FRA,France,0.44948872840984044
GA,GAB,Gabon,0.5165548186428239
GD,GRD,Grenada,0.4773463854078927
GE,GEO,Georgia,0.4598400253558419
GH,GHA,Ghana,0.5022307524049144
GM,GMB,Gambia,0.5437217853110559
GN,GIN,Guinea,0.49821283868649646
GR,GRC,Greece,0.4971688979983602
GT,GTM,Guatemala,0.551037139067433
GY,GUY,Guyana,0.5008389132475345
HN,HND,Honduras,0.5023820248223152
HR,HRV,Croatia,0.4738150214406567
HT,HTI,Haiti,0.5172232205658218
HU,HUN,Hungary,0.45266534244870443
ID,IDN,Indonesia,0.5130534380953607
IE,IRL,Ireland,0.4047825454235759
IL,ISR,Israel,0.4288306844659561
IN,IND,India,0.5902454320217112
IQ,IRQ,Iraq,0.5792210455100926
IR,IRN,Iran,0.4810022543248761
IS,ISL,Iceland,0.44643959419648005
IT,ITA,Italy,0.5015695959153051
JM,JAM,Jamaica,0.5053254353836276
JO,JOR,Jordan,0.444371036305589
JP,JPN,Japan,0.49842272501515933
KE,KEN,Kenya,0.4857416680777172
KG,KGZ,Kyrgyzstan,0.4028966731531382
KH,KHM,Cambodia,0.4358286156535564
KM,COM,Comoros,0.5095298379828938
KN,KNA,Saint Kitts and Nevis,0.5030002003858436
KR,KOR,South Korea,0.4967973247584797
KW,KWT,Kuwait,0.5757116688829979
KZ,KAZ,Kazakhstan,0.45134616848141385
LA,LAO,Laos,0.4589304237694324
LB,LBN,Lebanon,0.4543516902493095
LC,LCA,Saint Lucia,0.386044850541362
LK,LKA,Sri Lanka,0.45138165807418973
LR,LBR,Liberia,0.5118135297073546
LS,LSO,Lesotho,0.5087469774264901
LT,LTU,Lithuania,0.4244069657846047
LU,LUX,Luxembourg,0.39850789813881965
LV,LVA,Latvia,0.42874684769221894
LY,LBY,Libya,0.4680908433900722
MA,MAR,Morocco,0.5101558042243282
MD,MDA,Moldova,0.43743771981551666
ME,MNE,Montenegro,0.4602257771341522
MG,MDG,Madagascar,0.48617223396099196
MK,MKD,North Macedonia,0.4436693196002142
ML,MLI,Mali,0.5311509192627331
MM,MMR,Myanmar,0.5892916672903012
MN,MNG,Mongolia,0.45015357843369846
MR,MRT,Mauritania,0.5455765982841952
MT,MLT,Malta,0.4678095379152558
MU,MUS,Mauritius,0.5421684538348777
MW,MWI,Malawi,0.6040064307713794
MX,MEX,Mexico,0.5271523762087655
MY,MYS,Malaysia,0.47466436444050525
MZ,MOZ,Mozambique,0.4362604164561843
NAM,NAM,Namibia,0.5788036393077944
NE,NER,Niger,0.5167942495831803
NG,NGA,Nigeria,0.4719256764972299
NI,NIC,Nicaragua,0.5287233900665136
NL,NLD,Netherlands,0.46642955266236175
NO,NOR,Norway,0.4283405598925408
NP,NPL,Nepal,0.5827664134318612
NZ,NZL,New Zealand,0.42793403031460153
PA,PAN,Panama,0.49840721942041327
PE,PER,Peru,0.48362130783807233
PH,PHL,Philippines,0.4428539003662761
PK,PAK,Pakistan,0.5519413715439098
PL,POL,Poland,0.3773871828758175
PS,PSE,Palestina,NA
PT,PRT,Portugal,0.4953045240727576
PY,PRY,Paraguay,0.46767266445634054
QA,QAT,Qatar,0.5752148042590052
RO,ROU,Romania,0.5047520260679078
RS,SRB,Serbia,0.47824059774480077
RU,RUS,Russia,0.4030912640575776
RW,RWA,Rwanda,0.6121776287254197
SA,SAU,Saudi Arabia,0.5322842120426523
SD,SDN,Sudan,0.5844252560342688
SE,SWE,Sweden,0.4291447259667865
SG,SGP,Singapore,0.4938473876056886
SI,SVN,Slovenia,0.4251773377278189
SK,SVK,Slovakia,0.4455510608036056
SL,SLE,Sierra Leone,0.5120619244919391
SN,SEN,Senegal,0.5431406746374886
SO,SOM,Somalia,0.6171319509426606
SR,SUR,Suriname,0.5085517088268929
ST,STP,S√£o Tom√© and Pr√≠ncipe,0.5714938566652878
SV,SLV,El Salvador,0.5226887961233322
SY,SYR,Syria,0.4752858584942093
SZ,SWZ,Swaziland,0.5265921352930416
TD,TCD,Chad,0.5631154720985675
TG,TGO,Togo,0.5008198079565394
TH,THA,Thailand,0.49851756762572136
TJ,TJK,Tajikistan,0.41665908490195475
TM,TKM,Turkmenistan,0.4959478455622339
TN,TUN,Tunisia,0.47390635855349783
TR,TUR,Turkey,0.4617249489911997
TT,TTO,Trinidad and Tobago,0.4641196954780966
TW,TWN,Taiwan,NA
TZ,TZA,Tanzania,0.5320291422153802
UA,UKR,Ukraine,0.46622960406779224
UG,UGA,Uganda,0.5559649610048671
GB,GBR,United Kingdom,0.36710475347030525
US,USA,United States,0.4682793839643893
UY,URY,Uruguay,0.47918837048416507
UZ,UZB,Uzbekistan,0.4608513764499352
VC,VCT,Saint Vincent and the Grenadines,0.4915240924309168
VE,VEN,Venezuela,0.4781797958854461
VN,VNM,Vietnam,0.5548779564151664
XK,XKO,Kosovo,NA
YE,YEM,Yemen,0.635423328124044
ZA,ZAF,South Africa,0.5580044135420893
ZM,ZMB,Zambia,0.5965539985097522
ZW,ZWE,Zimbabwe,0.5309806700741736
