United States,US,116,11,60
Germany,DE,115,12,82
France,FR,101,12,69
Spain,ES,96,12,66
United Kingdom,GB,96,12,65
Italy,IT,87,12,60
Poland,PL,84,11,58
Netherlands,NL,73,12,49
Sweden,SE,72,11,51
Ireland,IE,70,11,42
Hungary,HU,63,10,43
Turkey,TR,62,11,46
Greece,GR,61,11,43
India,IN,61,10,37
Austria,AT,59,11,43
Brazil,BR,58,10,38
Slovenia,SI,58,11,42
Canada,CA,57,10,38
China,CN,57,10,42
Estonia,EE,57,10,42
Denmark,DK,56,11,42
Mexico,MX,56,11,38
Finland,FI,55,12,37
Bulgaria,BG,54,11,41
Japan,JP,54,11,33
Slovakia,SK,54,11,39
Belgium,BE,53,11,35
Czech Republic,CZ,53,10,39
Lithuania,LT,52,10,37
Portugal,PT,52,12,35
Romania,RO,51,11,37
Australia,AU,48,11,32
Latvia,LV,48,10,35
Russia,RU,47,10,32
Croatia,HR,44,9,32
South Africa,ZA,44,10,31
Indonesia,ID,43,10,29
Argentina,AR,41,10,24
Chile,CL,38,10,27
South Korea,KR,38,11,22
Kenya,KE,37,9,22
Nigeria,NG,33,10,19
Cyprus,CY,32,10,19
Peru,PE,30,9,19
Norway,NO,28,8,22
Switzerland,CH,28,7,22
Jordan,JO,27,10,18
Lebanon,LB,26,10,17
Tunisia,TN,25,8,15
Ukraine,UA,25,8,17
Colombia,CO,24,8,14
Senegal,SN,24,9,15
Dominican Republic,DO,23,7,16
Egypt,EG,23,8,16
Israel,IL,23,10,11
North Macedonia,MK,23,7,16
Serbia,RS,23,8,16
Venezuela,VE,23,10,14
Ghana,GH,22,10,12
Palestina,PS,22,8,15
Philippines,PH,22,10,12
Ecuador,EC,21,8,12
Georgia,GE,21,7,14
Tanzania,TZ,21,8,11
Albania,AL,20,7,13
Bolivia,BO,20,9,11
Bosnia and Herzegovina,BA,20,7,13
Kazakhstan,KZ,20,7,14
Malaysia,MY,20,9,10
Morocco,MA,20,5,14
Tajikistan,TJ,20,7,12
Uganda,UG,20,9,11
Uruguay,UY,20,8,11
Kosovo,XK,19,7,13
Moldova,MD,19,7,12
Paraguay,PY,19,8,10
Uzbekistan,UZ,19,6,12
Vietnam,VN,19,10,13
Burkina Faso,BF,18,9,11
El Salvador,SV,18,8,11
Honduras,HN,18,7,10
Saudi Arabia,SA,18,6,12
Armenia,AM,17,7,12
Azerbaijan,AZ,17,6,11
Costa Rica,CR,17,7,10
Kyrgyzstan,KG,17,7,12
Panama,PA,17,7,10
Bangladesh,BD,16,8,10
Cameroon,CM,16,6,7
Mali,ML,16,8,7
Mongolia,MN,16,6,11
Pakistan,PK,16,9,10
Belarus,BY,15,5,11
Guatemala,GT,15,6,9
Taiwan,TW,15,7,9
Iceland,IS,14,5,10
Nicaragua,NI,14,6,9
Thailand,TH,14,7,8
Benin,BJ,13,6,6
Sierra Leone,SL,13,6,6
Togo,TG,13,6,6
Zambia,ZM,13,7,7
Ethiopia,ET,12,6,9
Liberia,LR,12,5,6
New Zealand,NZ,12,5,8
Zimbabwe,ZW,12,6,6
Cote d'Ivoire,CI,11,5,6
Guinea,GN,11,5,4
Iraq,IQ,11,6,6
Madagascar,MG,11,4,6
Malawi,MW,11,5,5
Mauritania,MR,11,5,6
Mauritius,MU,11,5,4
Namibia,NAM,11,5,4
Nepal,NP,11,8,4
Algeria,DZ,10,4,7
Botswana,BW,10,4,4
Gabon,GA,10,5,4
Gambia,GM,10,4,4
Mozambique,MZ,10,5,6
Sri Lanka,LK,10,7,3
Kuwait,KW,9,6,6
Lesotho,LS,9,5,4
Republic of Congo,CG,9,5,5
Sudan,SD,9,5,6
United Arab Emirates,AE,9,6,4
Cambodia,KH,8,6,3
Iran,IR,8,5,6
Niger,NE,8,4,4
Afghanistan,AF,7,5,3
Swaziland,SZ,7,3,4
Bahrain,BH,6,5,3
Cape Verde,CV,6,3,3
Chad,TD,6,4,3
Jamaica,JM,6,5,2
Laos,LA,6,5,3
Myanmar,MM,6,4,3
Yemen,YE,6,4,4
Angola,AO,5,3,3
Comoros,KM,5,4,3
Somalia,SO,5,4,3
Turkmenistan,TM,5,4,3
Libya,LY,4,3,2
Rwanda,RW,4,3,4
Syria,SY,4,2,2
Democratic Republic of the Congo,CD,3,3,2
Haiti,HT,3,2,3
Trinidad and Tobago,TT,3,2,3
Burundi,BI,2,1,2
Central African Republic,CF,2,1,2
Djibouti,DJ,2,1,2
Antigua and Barbuda,AG,1,1,1
Bahamas,BS,1,1,1
Grenada,GD,1,1,1
Guyana,GY,1,1,1
Luxembourg,LU,1,1,1
Seychelles,SC,1,1,1
Suriname,SR,1,1,1
Sao Tome and Principe,ST,1,1,1
