"variable","mean","median","sd","mad","q5","q95","rhat","ess_bulk","ess_tail","parameter","geog_int","year_int","iso_3166","year","obs","Continent_Name","continent_int","NAME_0_gadm","mean.std","mean.std.bin","mean.scl","mean.scl.bin"
"country_poststrat[1,5]",1.5656754270575,1.56553,0.509309341187147,0.515344347,0.7197272,2.4001405,1.00023138623401,3047.68762759039,2706.24575489969,"country_poststrat",1,5,"AD","2010-11",0,"Europe",4,"Andorra",0.0618635421769377,"0",0.468610665168979,"0.4-0.5"
"country_poststrat[2,5]",1.682662435,1.682455,0.0307095970351011,0.0303932999999999,1.633084,1.7335075,1.00586032720982,1277.6895111187,2482.11456014059,"country_poststrat",2,5,"AE","2010-11",1,"Asia",2,"United Arab Emirates",0.268468642955904,"0",0.494007156663498,"0.4-0.5"
"country_poststrat[3,5]",1.6217890825,1.622195,0.0561379259566639,0.0559459109999998,1.5296985,1.715601,1.00089828857922,1739.07744212833,3020.37856214838,"country_poststrat",3,5,"AF","2010-11",1,"Asia",2,"Afghanistan",0.160963157097187,"0",0.480792274035087,"0.4-0.5"
"country_poststrat[4,5]",1.4818646960675,1.493445,0.87035430577297,0.854533575,0.0331544700000001,2.906671,1.00200409271377,2141.10379643547,2360.97705380375,"country_poststrat",4,5,"AG","2010-11",0,"North America",5,"Antigua and Barbuda",-0.0861505392760951,"0",0.45041634979865,"0.4-0.5"
"country_poststrat[5,5]",1.449268985,1.44986,0.0387484774597162,0.0391851179999999,1.385551,1.5129205,1.01269032807346,371.185589062791,1335.01981987998,"country_poststrat",5,5,"AL","2010-11",1,"Europe",4,"Albania",-0.143716249251111,"0",0.443340207640279,"0.4-0.5"
"country_poststrat[6,5]",1.5538131,1.55295,0.0277138018420991,0.02824353,1.5098075,1.600251,1.01043038750422,632.758893221775,2180.00077707055,"country_poststrat",6,5,"AM","2010-11",1,"Eurasia",3,"Armenia",0.0409140596635253,"0",0.466035494699031,"0.4-0.5"
"country_poststrat[7,5]",2.29066439,2.290415,0.0275084106936883,0.0275615339999998,2.246194,2.335788,1.00378616354182,1124.55662185659,2697.13690039368,"country_poststrat",7,5,"AR","2010-11",1,"South America",7,"Argentina",1.34223151112264,"1",0.625997167779931,"0.6-0.7"
"country_poststrat[8,5]",1.8689063325,1.86821,0.0268029721598855,0.027138993,1.824289,1.91372,1.00618634055902,1159.33266271003,2318.711103977,"country_poststrat",8,5,"AT","2010-11",1,"Europe",4,"Austria",0.597384989216915,"0.5",0.53443849721962,"0.5-0.6"
"country_poststrat[9,5]",1.322549955,1.322465,0.0229536450461185,0.0225058680000001,1.2857585,1.3602985,1.01105194948485,585.55954301296,1322.23266111832,"country_poststrat",9,5,"AU","2010-11",1,"Oceania",6,"Australia",-0.367508603840015,"0",0.415831009617448,"0.4-0.5"
"country_poststrat[10,5]",2.06478361,2.064445,0.0305893611779033,0.0315793800000001,2.01652,2.1143825,1.00603705916562,1601.43026867034,2642.6400558931,"country_poststrat",10,5,"AZ","2010-11",1,"Eurasia",3,"Azerbaijan",0.943314382317455,"0.5",0.576961130283656,"0.5-0.6"
"country_poststrat[11,5]",1.5090562375,1.508955,0.0387953874731377,0.0402006990000002,1.4461545,1.573461,1.00838321256905,570.195981000477,1821.58066812467,"country_poststrat",11,5,"BA","2010-11",1,"Europe",4,"Bosnia and Herzegovina",-0.0381288721114953,"0",0.456319310844143,"0.4-0.5"
"country_poststrat[12,5]",2.20887958,2.20846,0.0294038926079308,0.0296742389999998,2.1619895,2.257823,1.00420493359924,1269.24521168199,2589.85008865062,"country_poststrat",12,5,"BD","2010-11",1,"Asia",2,"Bangladesh",1.19779531081787,"1",0.608242655821075,"0.6-0.7"
"country_poststrat[13,5]",1.774753895,1.774235,0.0275839096657288,0.0275022300000001,1.7309995,1.819681,1.00780662689961,1128.71865485595,2199.54484460677,"country_poststrat",13,5,"BE","2010-11",1,"Europe",4,"Belgium",0.431106919708258,"0",0.513999120059617,"0.5-0.6"
"country_poststrat[14,5]",2.016234925,2.01687,0.0371738637362414,0.0371243040000003,1.9543895,2.07788,1.00421238050353,1915.39878743322,2666.50628786479,"country_poststrat",14,5,"BF","2010-11",1,"Africa",1,"Burkina Faso",0.85757489608287,"0.5",0.566421786750068,"0.5-0.6"
"country_poststrat[15,5]",1.9030052675,1.90269,0.0226757447303989,0.022335369,1.86644,1.940655,1.00890506555407,856.505410874001,1999.83227075426,"country_poststrat",15,5,"BG","2010-11",1,"Europe",4,"Bulgaria",0.657605470328742,"0.5",0.54184097145954,"0.5-0.6"
"country_poststrat[16,5]",1.5992801975,1.59958,0.0310468844998219,0.031786944,1.549711,1.650078,1.00575544308193,1136.64972719548,2484.62965672377,"country_poststrat",16,5,"BH","2010-11",1,"Asia",2,"Bahrain",0.121211303146594,"0",0.475905862146217,"0.4-0.5"
"country_poststrat[17,5]",1.008186936325,1.01588,0.467090622055652,0.4759160826,0.2332989,1.7522905,1.0005635985826,2475.36429697628,2616.78950792149,"country_poststrat",17,5,"BI","2010-11",0,"Africa",1,"Burundi",-0.922689938048096,"-0.5",0.347586527855035,"0.3-0.4"
"country_poststrat[18,5]",1.3334767171,1.32667,0.435713306243793,0.436003008,0.63736065,2.037766,1.001140486936,2188.10699468142,2409.36424107778,"country_poststrat",18,5,"BJ","2010-11",0,"Africa",1,"Benin",-0.34821137738246,"0",0.418203080034632,"0.4-0.5"
"country_poststrat[19,5]",2.207083345,2.206685,0.0298347663101485,0.0299336939999999,2.158597,2.256723,1.00348476270306,1366.33204385413,2257.58899889706,"country_poststrat",19,5,"BO","2010-11",1,"South America",7,"Bolivia",1.19462306699589,"1",0.607852714513045,"0.6-0.7"
"country_poststrat[20,5]",2.356932165,2.356925,0.026539376551451,0.0267905819999994,2.3139045,2.40091,1.00583824300569,1044.83878667473,2186.24543154497,"country_poststrat",20,5,"BR","2010-11",1,"South America",7,"Brazil",1.45926382584773,"1",0.640383115533851,"0.6-0.7"
"country_poststrat[21,5]",2.1196941651815,2.11407,1.15406049749934,1.19964579,0.20168415,4.0361685,1.00133382830519,2010.80007591305,2338.77171063392,"country_poststrat",21,5,"BS","2010-11",0,"North America",5,"Bahamas",1.04028926001224,"1",0.588881560356641,"0.5-0.6"
"country_poststrat[22,5]",1.0266814037805,1.024595,0.43026201727837,0.443341878,0.34614915,1.7264815,1.00126175481059,1683.31293020975,2975.92250432819,"country_poststrat",22,5,"BW","2010-11",0,"Africa",1,"Botswana",-0.890027752907204,"-0.5",0.351601457321905,"0.3-0.4"
"country_poststrat[23,5]",1.747526435,1.74737,0.0257937342017745,0.025826892,1.7036085,1.789154,1.00532507880864,1128.13429510823,2379.57805779917,"country_poststrat",23,5,"BY","2010-11",1,"Europe",4,"Belarus",0.383021818497531,"0",0.508088361519256,"0.5-0.6"
"country_poststrat[24,5]",1.6165178738675,1.621985,0.625055789176632,0.626435565,0.57599295,2.6391675,1.00042319725083,2389.393649875,2319.08397461545,"country_poststrat",24,5,"BZ","2010-11",0,"North America",5,"Belize",0.151653930287318,"0",0.479647957178407,"0.4-0.5"
"country_poststrat[25,5]",1.8712896225,1.870895,0.0278947900522752,0.027820989,1.8258875,1.91783,1.00896746800906,1057.90502899891,2317.04791851115,"country_poststrat",25,5,"CA","2010-11",1,"North America",5,"Canada",0.601594002502198,"0.5",0.53495588120335,"0.5-0.6"
"country_poststrat[26,5]",1.025216060751,1.02895,0.515731226648623,0.5195875482,0.168476,1.8450805,1.00222533015814,2604.18124665196,2770.13706882393,"country_poststrat",26,5,"CD","2010-11",0,"Africa",1,"Democratic Republic of the Congo",-0.892615624411999,"-0.5",0.35128334873498,"0.3-0.4"
"country_poststrat[27,5]",2.123521985,2.121575,0.0674621905955459,0.067940145,2.016179,2.2371205,1.00049952449808,3623.74893660393,3375.74670680172,"country_poststrat",27,5,"CF","2010-11",1,"Africa",1,"Central African Republic",1.04704938759627,"1",0.589712534626116,"0.5-0.6"
"country_poststrat[28,5]",1.27845229139,1.280235,0.422418872442595,0.4268694507,0.5830964,1.963012,0.999680137054963,2247.68694725621,2395.09272858215,"country_poststrat",28,5,"CG","2010-11",0,"Africa",1,"Republic of Congo",-0.445387356314299,"0",0.406257930020866,"0.4-0.5"
"country_poststrat[29,5]",1.131406703325,1.12884,0.333362036645904,0.3350735304,0.5767036,1.6730775,1.00450217637844,1309.48111327082,1939.58158873112,"country_poststrat",29,5,"CH","2010-11",0,"Europe",4,"Switzerland",-0.705077462725123,"-0.5",0.374336077395701,"0.3-0.4"
"country_poststrat[30,5]",1.534064271375,1.538765,0.430842895555638,0.431866554,0.8245472,2.232052,1.00256542467438,1717.00389623159,2187.80124366202,"country_poststrat",30,5,"CI","2010-11",0,"Africa",1,"Cote d'Ivoire",0.00603660788409243,"0",0.46174825830396,"0.4-0.5"
"country_poststrat[31,5]",2.1442084825,2.143565,0.0291138330229895,0.027991488,2.096725,2.194091,1.00370463645943,1496.06363376694,2017.82864971283,"country_poststrat",31,5,"CL","2010-11",1,"South America",7,"Chile",1.08358281105857,"1",0.594203327809478,"0.5-0.6"
"country_poststrat[32,5]",1.994025925,1.99299,0.0356448103413448,0.0358418550000001,1.9366835,2.054427,1.00361832493262,1506.72683501837,2462.8160404365,"country_poststrat",32,5,"CM","2010-11",1,"Africa",1,"Cameroon",0.818352654537421,"0.5",0.561600476336872,"0.5-0.6"
"country_poststrat[33,5]",1.695472185,1.69524,0.0225209381063283,0.02216487,1.658337,1.732511,1.00743390678512,747.113514008957,1840.59526971964,"country_poststrat",33,5,"CN","2010-11",1,"Asia",2,"China",0.291091323339389,"0",0.496788001414069,"0.4-0.5"
"country_poststrat[34,5]",2.5975473725,2.596865,0.0368366979043911,0.0370131089999999,2.5372945,2.658671,1.00395456518718,1456.66497377825,2599.17864561721,"country_poststrat",34,5,"CO","2010-11",1,"South America",7,"Colombia",1.88420271495004,"1.5",0.69261782243164,"0.6-0.7"
"country_poststrat[35,5]",2.572104005,2.571495,0.0336460071763308,0.0324022229999999,2.516339,2.628302,1.00367112538544,957.956303999997,2162.15510693172,"country_poststrat",35,5,"CR","2010-11",1,"North America",5,"Costa Rica",1.83926841327889,"1.5",0.687094369206618,"0.6-0.7"
"country_poststrat[36,5]",1.94556633960075,1.959105,0.938401615057648,0.954038274,0.37155715,3.4475575,1.0011421952999,1816.07713855584,2529.62689794814,"country_poststrat",36,5,"CV","2010-11",0,"Africa",1,"Cape Verde",0.732770522801563,"0.5",0.551080475269532,"0.5-0.6"
"country_poststrat[37,5]",2.4486084975,2.450425,0.0716357277173122,0.0703419569999999,2.328922,2.5661515,1.0006618325954,1590.21324990029,2541.32000980227,"country_poststrat",37,5,"CY","2010-11",1,"Eurasia",3,"Cyprus",1.62116896598532,"1.5",0.660284959674778,"0.6-0.7"
"country_poststrat[38,5]",1.6410106325,1.6404,0.0231682722302393,0.0230989080000002,1.603855,1.6798005,1.00974668769557,758.660393258677,2089.29435654817,"country_poststrat",38,5,"CZ","2010-11",1,"Europe",4,"Czech Republic",0.194909407580231,"0",0.484965044496286,"0.4-0.5"
"country_poststrat[39,5]",1.7823665025,1.78222,0.0231427024040222,0.0232175159999998,1.7456995,1.821022,1.0103058950776,801.057461825873,1976.23549210263,"country_poststrat",39,5,"DE","2010-11",1,"Europe",4,"Germany",0.444551177898888,"0",0.515651726832156,"0.5-0.6"
"country_poststrat[40,5]",1.094290666858,1.09489,0.516046612170392,0.5189811648,0.2434014,1.930507,1.00117123591944,2805.59672203042,2707.96154766892,"country_poststrat",40,5,"DJ","2010-11",0,"Africa",1,"Djibouti",-0.770626300922176,"-0.5",0.366278626222083,"0.3-0.4"
"country_poststrat[41,5]",1.6308666875,1.63088,0.0276562995568575,0.0274281000000001,1.5864075,1.6760565,1.00594755581398,1044.78993952155,1940.92849375261,"country_poststrat",41,5,"DK","2010-11",1,"Europe",4,"Denmark",0.176994676569661,"0",0.482762914384197,"0.4-0.5"
"country_poststrat[42,5]",1.5322200082575,1.522955,0.847949822727769,0.8877786561,0.12327485,2.898069,1.00129802850056,2038.58713793547,2555.89249386843,"country_poststrat",42,5,"DM","2010-11",0,"North America",5,"Dominica",0.00277954392497919,"0",0.461347890661425,"0.4-0.5"
"country_poststrat[43,5]",1.76067184,1.760245,0.0301045251079035,0.0302524529999997,1.7112185,1.810962,1.00641685261032,1237.4920120819,2677.93120010662,"country_poststrat",43,5,"DO","2010-11",1,"North America",5,"Dominican Republic",0.406237282954406,"0",0.510942072988128,"0.5-0.6"
"country_poststrat[44,5]",0.83029596274025,0.822281,0.884697180158519,0.8877023022,-0.59251805,2.301662,1.00070095954302,1901.22230991277,2535.77792629813,"country_poststrat",44,5,"DZ","2010-11",0,"Africa",1,"Algeria",-1.23685458907678,"-1",0.308968507982115,"0.3-0.4"
"country_poststrat[45,5]",2.0562265675,2.056335,0.028918117774621,0.0289996559999997,2.0091155,2.1038365,1.00465785737596,1327.06206128217,1827.34212756832,"country_poststrat",45,5,"EC","2010-11",1,"South America",7,"Ecuador",0.928202203117596,"0.5",0.575103497877361,"0.5-0.6"
"country_poststrat[46,5]",1.1451170195,1.145695,0.0508065804454773,0.0513943290000001,1.059021,1.227142,1.02339968473731,220.223761747429,542.768023398202,"country_poststrat",46,5,"EE","2010-11",1,"Europe",4,"Estonia",-0.680864335944073,"-0.5",0.377312424378579,"0.3-0.4"
"country_poststrat[47,5]",1.4001256575,1.400045,0.0329862854854139,0.032869242,1.346187,1.454882,1.00800685757839,1038.18607245464,2247.62187966144,"country_poststrat",47,5,"EG","2010-11",1,"Africa",1,"Egypt",-0.230505904866046,"0",0.432671774274759,"0.4-0.5"
"country_poststrat[48,5]",1.91833258,1.91794,0.0230575443506344,0.022869105,1.8805975,1.95681,1.00770389853383,960.455082534047,2041.54767561548,"country_poststrat",48,5,"ES","2010-11",1,"Europe",4,"Spain",0.684674296170408,"0.5",0.545168349160587,"0.5-0.6"
"country_poststrat[49,5]",1.406452948775,1.39704,0.394365482775761,0.40415676,0.7699935,2.060321,1.00224671795527,1715.35550133393,2391.31163247817,"country_poststrat",49,5,"ET","2010-11",0,"Africa",1,"Ethiopia",-0.219331581541428,"0",0.434045354143798,"0.4-0.5"
"country_poststrat[50,5]",1.6566617225,1.656455,0.0266616039294154,0.026086347,1.6134785,1.7009265,1.0054121836301,1027.01882421791,2062.49611412383,"country_poststrat",50,5,"FI","2010-11",1,"Europe",4,"Finland",0.222550041216575,"0",0.488362710451298,"0.4-0.5"
"country_poststrat[51,5]",1.7012640775,1.700405,0.0228348961168901,0.0227282580000001,1.665179,1.7395675,1.00804290711082,873.961365822176,1814.91443139495,"country_poststrat",51,5,"FR","2010-11",1,"Europe",4,"France",0.301320104763148,"0",0.498045352561008,"0.4-0.5"
"country_poststrat[52,5]",1.796759828835,1.79651,0.898812723442586,0.894348798,0.30821965,3.2621765,1.00137535924114,1886.42108865522,2428.37438027665,"country_poststrat",52,5,"GA","2010-11",0,"Africa",1,"Gabon",0.469970535913829,"0",0.518776347217561,"0.5-0.6"
"country_poststrat[53,5]",1.43671087,1.43601,0.026301331659345,0.025700871,1.393746,1.480154,1.01496767844885,428.293837570499,966.72429705761,"country_poststrat",53,5,"GB","2010-11",1,"Europe",4,"United Kingdom",-0.165894529222543,"0",0.440613989862819,"0.4-0.5"
"country_poststrat[54,5]",1.6703906969175,1.683775,0.852533603118301,0.837454023,0.24715625,3.084399,1.00135166601865,1831.58522501022,2410.4305327771,"country_poststrat",54,5,"GD","2010-11",0,"North America",5,"Grenada",0.246796119417956,"0",0.491343107917262,"0.4-0.5"
"country_poststrat[55,5]",1.7955465275,1.794535,0.0275320872088053,0.0275541210000001,1.751853,1.8412325,1.00881176362271,940.099116562705,2117.04002120894,"country_poststrat",55,5,"GE","2010-11",1,"Eurasia",3,"Georgia",0.467827783064589,"0",0.518512953892297,"0.5-0.6"
"country_poststrat[56,5]",1.928763785,1.929055,0.039789751372085,0.040148808,1.8631295,1.9934,1.00269484000307,1957.88686835599,2592.55134190311,"country_poststrat",56,5,"GH","2010-11",1,"Africa",1,"Ghana",0.703096343183785,"0.5",0.547432840010633,"0.5-0.6"
"country_poststrat[57,5]",1.80942935981,1.79803,0.917116040620384,0.936617724,0.3373109,3.340313,1.00152498867303,2036.28392759245,2543.89363341655,"country_poststrat",57,5,"GM","2010-11",0,"Africa",1,"Gambia",0.492345582254006,"0",0.521526752081358,"0.5-0.6"
"country_poststrat[58,5]",2.07557713036,2.063605,0.886296895392693,0.901746972,0.62471415,3.5591085,0.99992642347854,1815.43009265538,2643.25555744303,"country_poststrat",58,5,"GN","2010-11",0,"Africa",1,"Guinea",0.962376296977532,"0.5",0.579304275499862,"0.5-0.6"
"country_poststrat[59,5]",2.508540135,2.507825,0.0304235090671304,0.0304748429999998,2.459888,2.5599525,1.00266026632567,1326.65492626508,2126.34258245848,"country_poststrat",59,5,"GR","2010-11",1,"Europe",4,"Greece",1.72701133449535,"1.5",0.673295407149163,"0.6-0.7"
"country_poststrat[60,5]",2.349247445,2.3485,0.0361970857276628,0.0362940480000001,2.2912745,2.4108235,1.00317969641347,1606.26080312753,2589.79162635346,"country_poststrat",60,5,"GT","2010-11",1,"North America",5,"Guatemala",1.44569221325602,"1",0.638714853993102,"0.6-0.7"
"country_poststrat[61,5]",1.598304340585,1.58808,0.567591435966278,0.572127927,0.66638215,2.5331285,1.00112772893729,2027.1432566404,2624.40366005912,"country_poststrat",61,5,"GY","2010-11",0,"South America",7,"Guyana",0.119487889411895,"0",0.475694015187503,"0.4-0.5"
"country_poststrat[62,5]",1.99497744,1.99478,0.0300718969736413,0.0297631950000001,1.945561,2.044681,1.00482952787297,1415.71200553842,2685.94219566293,"country_poststrat",62,5,"HN","2010-11",1,"North America",5,"Honduras",0.820033079192476,"0.5",0.561807038954631,"0.5-0.6"
"country_poststrat[63,5]",1.7491125775,1.749245,0.035074303480934,0.0347892089999998,1.6917085,1.8078175,1.00520535231383,1570.11793805788,2328.50056359614,"country_poststrat",63,5,"HR","2010-11",1,"Europe",4,"Croatia",0.385823028108972,"0",0.508432694238067,"0.5-0.6"
"country_poststrat[64,5]",1.12503545275,1.12455,0.0682588533695857,0.0671098890000002,1.011179,1.23915,1.00174074964555,2312.5517967498,2605.12188390811,"country_poststrat",64,5,"HT","2010-11",1,"North America",5,"Haiti",-0.716329420444931,"-0.5",0.372952954484164,"0.3-0.4"
"country_poststrat[65,5]",1.96266042,1.962405,0.0240305350029235,0.0234917969999998,1.9238245,2.0033605,1.00984109327714,890.443341359667,2096.58624898836,"country_poststrat",65,5,"HU","2010-11",1,"Europe",4,"Hungary",0.762959552042712,"0.5",0.554791397320634,"0.5-0.6"
"country_poststrat[66,5]",1.7874027875,1.7869,0.0315762575911983,0.0313125119999997,1.736389,1.8410425,1.0023292650389,1155.89229231356,2387.95218453401,"country_poststrat",66,5,"ID","2010-11",1,"Asia",2,"Indonesia",0.453445517435189,"0",0.516745044555346,"0.5-0.6"
"country_poststrat[67,5]",1.61156207,1.611315,0.0277285459838899,0.0269536680000001,1.5661765,1.657738,1.00461982965245,1087.44574411449,2262.5178864862,"country_poststrat",67,5,"IE","2010-11",1,"Europe",4,"Ireland",0.142901724589495,"0",0.478572110954258,"0.4-0.5"
"country_poststrat[68,5]",1.700908645,1.700485,0.0279296063271821,0.027835815,1.655819,1.7469905,1.00597599382098,1139.04715538236,2311.02442083257,"country_poststrat",68,5,"IL","2010-11",1,"Asia",2,"Israel",0.300692392602848,"0",0.497968192382097,"0.4-0.5"
"country_poststrat[69,5]",1.7133695325,1.71334,0.0210884982785962,0.021156702,1.6792685,1.748871,1.00801658698056,754.710811545623,1483.37031820812,"country_poststrat",69,5,"IN","2010-11",1,"Asia",2,"India",0.322698963785507,"0",0.50067330322281,"0.5-0.6"
"country_poststrat[70,5]",1.704464625,1.70318,0.0726888850630707,0.0713501250000001,1.5824545,1.8243185,1.00221074856107,1896.86751422044,2637.66307713787,"country_poststrat",70,5,"IQ","2010-11",1,"Asia",2,"Iraq",0.306972437021363,"0",0.498740153452074,"0.4-0.5"
"country_poststrat[71,5]",1.73898225,1.73925,0.0346113785736597,0.033973779,1.6819655,1.795918,1.00173086468061,1653.88724241831,2803.93069918627,"country_poststrat",71,5,"IR","2010-11",1,"Asia",2,"Iran",0.367932346307023,"0",0.50623352032367,"0.5-0.6"
"country_poststrat[72,5]",0.8970174760215,0.890333,0.36286394575754,0.363288891,0.30931845,1.485147,1.00119189317954,1484.19308349089,2155.72307132286,"country_poststrat",72,5,"IS","2010-11",0,"Europe",4,"Iceland",-1.11902094910222,"-1",0.32345295693376,"0.3-0.4"
"country_poststrat[73,5]",2.016602085,2.015765,0.0240258283199433,0.0231507989999999,1.978225,2.05779,1.00950989009826,907.454350274649,1989.56059872116,"country_poststrat",73,5,"IT","2010-11",1,"Europe",4,"Italy",0.858223319614133,"0.5",0.566501492830094,"0.5-0.6"
"country_poststrat[74,5]",2.028224974235,2.039785,0.80287217960253,0.816208365,0.7273548,3.316737,1.00348714775234,1954.35302168162,2548.52235196944,"country_poststrat",74,5,"JM","2010-11",0,"North America",5,"Jamaica",0.878749942561189,"0.5",0.569024684189459,"0.5-0.6"
"country_poststrat[75,5]",1.88418598,1.88435,0.0318850868985994,0.0315200760000001,1.8304185,1.936813,1.00599343198071,1346.03521376524,2756.44393481398,"country_poststrat",75,5,"JO","2010-11",1,"Asia",2,"Jordan",0.624369636205718,"0.5",0.537755527414663,"0.5-0.6"
"country_poststrat[76,5]",1.989066365,1.98831,0.0269823348032492,0.0265607789999997,1.9458195,2.0350815,1.00357604026634,1067.78928515872,2390.73510487989,"country_poststrat",76,5,"JP","2010-11",1,"Asia",2,"Japan",0.809593815315522,"0.5",0.56052381470092,"0.5-0.6"
"country_poststrat[77,5]",2.1973555725,2.19709,0.0281735760273485,0.0272279489999999,2.150588,2.243614,1.00493160582226,1244.77674202259,2477.06523869654,"country_poststrat",77,5,"KE","2010-11",1,"Africa",1,"Kenya",1.17744331812407,"1",0.60574093051325,"0.6-0.7"
"country_poststrat[78,5]",1.5101069525,1.510895,0.0363413846185962,0.0359011589999998,1.4497895,1.568271,1.01362308976373,453.102228224046,1281.18665001037,"country_poststrat",78,5,"KG","2010-11",1,"Asia",2,"Kyrgyzstan",-0.0362732551307478,"0",0.456547408604997,"0.4-0.5"
"country_poststrat[79,5]",0.8758414616985,0.8777285,0.431748475237281,0.4403329413,0.162104,1.5867145,1.00122867280092,1601.18608090753,1967.824213125,"country_poststrat",79,5,"KH","2010-11",0,"Asia",2,"Cambodia",-1.15641888456742,"-1",0.318855895455734,"0.3-0.4"
"country_poststrat[80,5]",1.6558761925,1.6553,0.0344242475826757,0.0342851250000001,1.599664,1.7122805,1.00717608324834,1497.29868834274,2155.93418870998,"country_poststrat",80,5,"KM","2010-11",1,"Africa",1,"Comoros",0.221162754648013,"0",0.488192181207799,"0.4-0.5"
"country_poststrat[81,5]",1.7290910966175,1.72985,0.869339720543652,0.883466514,0.3171644,3.151964,1.00230635237357,1925.498431855,2563.1112012178,"country_poststrat",81,5,"KN","2010-11",0,"North America",5,"Saint Kitts and Nevis",0.350464058354773,"0",0.50408626827263,"0.5-0.6"
"country_poststrat[82,5]",2.38366568,2.383645,0.0331814227594551,0.0334771079999997,2.329788,2.4389405,1.00271559284804,1512.81168509661,3024.20965528731,"country_poststrat",82,5,"KR","2010-11",1,"Asia",2,"South Korea",1.50647659466617,"1.5",0.646186644474858,"0.6-0.7"
"country_poststrat[83,5]",1.495812655,1.495615,0.0325879864952858,0.0327283950000001,1.4430675,1.5491915,1.00663645275543,1129.15755746735,2558.33417732499,"country_poststrat",83,5,"KW","2010-11",1,"Asia",2,"Kuwait",-0.0615177231062309,"0",0.453444286204796,"0.4-0.5"
"country_poststrat[84,5]",1.7528969325,1.75237,0.0267163732197121,0.0269240159999999,1.7101185,1.7973405,1.00677516759036,1119.95091329789,2150.67332653111,"country_poststrat",84,5,"KZ","2010-11",1,"Eurasia",3,"Kazakhstan",0.392506394577689,"0",0.50925423281111,"0.5-0.6"
"country_poststrat[85,5]",1.30765248331,1.30855,0.424646242007952,0.43269681,0.61356955,1.990791,1.00243952231378,1825.41626141587,2295.35794067073,"country_poststrat",85,5,"LA","2010-11",0,"Asia",2,"Laos",-0.393818308601223,"0",0.412596945256635,"0.4-0.5"
"country_poststrat[86,5]",2.20088324,2.20067,0.0396995634464267,0.039496464,2.135638,2.2672515,1.00494025246147,1322.38361113266,3202.33798549288,"country_poststrat",86,5,"LB","2010-11",1,"Asia",2,"Lebanon",1.18367336120467,"1",0.606506745275375,"0.6-0.7"
"country_poststrat[87,5]",2.18661958391,2.20026,0.861581595707549,0.890271648,0.7516364,3.625582,1.00209692388347,1991.70464026425,2724.05444118444,"country_poststrat",87,5,"LC","2010-11",0,"North America",5,"Saint Lucia",1.1584830075425,"1",0.603410274761756,"0.6-0.7"
"country_poststrat[88,5]",1.8525505225,1.85248,0.0301750676814384,0.0301041929999999,1.802866,1.9024305,1.0040220907186,1494.24958485476,2672.13388896491,"country_poststrat",88,5,"LK","2010-11",1,"Asia",2,"Sri Lanka",0.568499783647485,"0.5",0.530887844913381,"0.5-0.6"
"country_poststrat[89,5]",1.4965203375,1.49645,0.0471453967123927,0.04781385,1.4208485,1.575372,1.00072708044803,2188.8810864317,2799.52013625232,"country_poststrat",89,5,"LR","2010-11",1,"Africa",1,"Liberia",-0.0602679192450714,"0",0.453597915679625,"0.4-0.5"
"country_poststrat[90,5]",3.009398954875,3.00685,0.898166181633213,0.907803393,1.5261035,4.453308,1.0013865134602,2221.46850482663,2689.55151781388,"country_poststrat",90,5,"LS","2010-11",0,"Africa",1,"Lesotho",2.61155388991458,"2+",0.78202591477239,"0.7-0.8"
"country_poststrat[91,5]",1.754786015,1.754195,0.0247052616705091,0.0248113109999999,1.7141695,1.79599,1.00685561985633,1015.00660428152,2478.15885632788,"country_poststrat",91,5,"LT","2010-11",1,"Europe",4,"Lithuania",0.395842611882128,"0",0.509664330209851,"0.5-0.6"
"country_poststrat[92,5]",1.87549918,1.87501,0.0271628355117035,0.02727984,1.8316115,1.9205115,1.00622303247433,1135.38274015357,2601.92282366891,"country_poststrat",92,5,"LU","2010-11",1,"Europe",4,"Luxembourg",0.609028298556251,"0.5",0.535869726194556,"0.5-0.6"
"country_poststrat[93,5]",1.5018143475,1.501815,0.0370205243436653,0.0363904170000001,1.4414065,1.5629105,1.0150552258655,363.468282620912,888.781290015779,"country_poststrat",93,5,"LV","2010-11",1,"Europe",4,"Latvia",-0.0509184240420445,"0",0.454747182442674,"0.4-0.5"
"country_poststrat[94,5]",0.781751315578725,0.776804,0.90547700099474,0.9089212734,-0.68281895,2.285407,1.00042809889932,1832.54760556157,2317.99618386766,"country_poststrat",94,5,"LY","2010-11",0,"Africa",1,"Libya",-1.32258694427998,"-1",0.298430041015355,"0.2-0.3"
"country_poststrat[95,5]",1.380782782925,1.380075,0.434402226050328,0.423571407,0.67067135,2.086286,1.00290069205499,1678.54607586577,1900.31297449223,"country_poststrat",95,5,"MA","2010-11",0,"Africa",1,"Morocco",-0.264666420817416,"0",0.428472665687718,"0.4-0.5"
"country_poststrat[96,5]",1.952655275,1.952385,0.0255415033283564,0.0253895250000001,1.9114195,1.995699,1.00730302052352,941.623676160592,2154.50060645022,"country_poststrat",96,5,"MD","2010-11",1,"Europe",4,"Moldova",0.745289949003979,"0.5",0.552619399041826,"0.5-0.6"
"country_poststrat[97,5]",1.49338976,1.493465,0.0371306200638904,0.0362199180000001,1.431517,1.554331,1.01458470893211,425.128735768002,1211.63880510263,"country_poststrat",97,5,"ME","2010-11",1,"Europe",4,"Montenegro",-0.0657966808679158,"0",0.452918304445438,"0.4-0.5"
"country_poststrat[98,5]",1.478425480025,1.48178,0.426766151494059,0.426862779,0.7737514,2.1803535,1.00079142495199,2284.37340596161,2339.55889605275,"country_poststrat",98,5,"MG","2010-11",0,"Africa",1,"Madagascar",-0.0922243725124367,"0",0.449669736798563,"0.4-0.5"
"country_poststrat[99,5]",1.594157095,1.59471,0.0348380020625165,0.0348114480000001,1.5358665,1.6500335,1.00845757442424,634.91889346972,2264.96180047921,"country_poststrat",99,5,"MK","2010-11",1,"Europe",4,"North Macedonia",0.112163639419407,"0",0.474793697373777,"0.4-0.5"
"country_poststrat[100,5]",2.07340469,2.07246,0.0387674483473796,0.0376283880000003,2.011857,2.1374705,1.00260858255139,2190.43046527339,3162.83832607485,"country_poststrat",100,5,"ML","2010-11",1,"Africa",1,"Mali",0.95853965505115,"0.5",0.578832664471462,"0.5-0.6"
"country_poststrat[101,5]",0.31103996456415,0.320694,0.89714188093551,0.8942946831,-1.1847855,1.777535,1.00213099371396,1899.29754770748,2360.99853347122,"country_poststrat",101,5,"MM","2010-11",0,"Asia",2,"Myanmar",-2.15388751196327,"-2",0.196244191213203,"0.1-0.2"
"country_poststrat[102,5]",2.1259379775,2.12571,0.0277659559958339,0.0280211399999999,2.081264,2.171371,1.00755939085123,651.836812906437,2083.88843475792,"country_poststrat",102,5,"MN","2010-11",1,"Asia",2,"Mongolia",1.0513161551863,"1",0.590237017934615,"0.5-0.6"
"country_poststrat[103,5]",1.9048432275,1.90415,0.0344667503498395,0.034722492,1.8501695,1.96162,1.00397311997799,1981.50258289943,2776.18390336476,"country_poststrat",103,5,"MR","2010-11",1,"Africa",1,"Mauritania",0.660851402656666,"0.5",0.542239970770046,"0.5-0.6"
"country_poststrat[104,5]",2.1932993,2.193455,0.0299221819350284,0.029555631,2.144199,2.242783,1.00480338482916,1488.42357002927,2313.39189522952,"country_poststrat",104,5,"MT","2010-11",1,"Europe",4,"Malta",1.1702797313003,"1",0.604860361876976,"0.6-0.7"
"country_poststrat[105,5]",1.748042648435,1.751355,0.903840737440245,0.944149332,0.26499395,3.23793,1.00178322578561,1972.59298875297,2513.19747766283,"country_poststrat",105,5,"MU","2010-11",0,"Africa",1,"Mauritius",0.383933478096638,"0",0.508200425331656,"0.5-0.6"
"country_poststrat[106,5]",1.4000123495,1.40612,0.428754861155046,0.427722687,0.68784295,2.106272,1.00036088433318,1753.3670945748,2474.00289480492,"country_poststrat",106,5,"MW","2010-11",0,"Africa",1,"Malawi",-0.230706012648703,"0",0.432647176452241,"0.4-0.5"
"country_poststrat[107,5]",2.429077245,2.428905,0.0275868272943812,0.0264421709999997,2.384456,2.474709,1.00221952473346,1179.93204999347,2460.95695073674,"country_poststrat",107,5,"MX","2010-11",1,"North America",5,"Mexico",1.58667576488486,"1.5",0.656044956475129,"0.6-0.7"
"country_poststrat[108,5]",2.09820226,2.097225,0.0313976394309008,0.030548973,2.04715,2.151327,1.00499808460774,1449.98015501688,2456.6489681834,"country_poststrat",108,5,"MY","2010-11",1,"Asia",2,"Malaysia",1.00233344496876,"1",0.584215922720954,"0.5-0.6"
"country_poststrat[109,5]",1.06933455614,1.05596,0.419233272066313,0.406869918,0.37726505,1.778508,1.00555873926873,1503.44437087899,2265.24426970667,"country_poststrat",109,5,"MZ","2010-11",0,"Africa",1,"Mozambique",-0.814700081939617,"-0.5",0.360860950663635,"0.3-0.4"
"country_poststrat[110,5]",1.34155880741,1.333895,0.555245174587631,0.5624724945,0.4393365,2.24557,1.0016101683909,1991.95925636628,2678.42298517585,"country_poststrat",110,5,"NAM","2010-11",0,"Africa",1,"Namibia",-0.333937988291057,"0",0.419957605955294,"0.4-0.5"
"country_poststrat[111,5]",1.413721937075,1.408145,0.906433968521028,0.9061176768,-0.080929705,2.9205895,1.0041007851018,1886.533212916,2589.24158629805,"country_poststrat",111,5,"NE","2010-11",0,"Africa",1,"Niger",-0.206494172612901,"0",0.435623365264703,"0.4-0.5"
"country_poststrat[112,5]",1.464267905,1.463805,0.0347704062321446,0.034477863,1.406496,1.521833,1.00697181822547,1361.05346901882,2524.0753154257,"country_poststrat",112,5,"NG","2010-11",1,"Africa",1,"Nigeria",-0.11722738153258,"0",0.446596295225613,"0.4-0.5"
"country_poststrat[113,5]",2.1949940275,2.195485,0.0322163435914575,0.0329878499999995,2.1411685,2.247431,1.00201582417885,1705.78292501701,2365.62594470264,"country_poststrat",113,5,"NI","2010-11",1,"North America",5,"Nicaragua",1.17327270763236,"1",0.605228267111037,"0.6-0.7"
"country_poststrat[114,5]",1.5265050625,1.526635,0.026844759673474,0.026501475,1.4822285,1.571434,1.0087594625705,901.081235797613,2080.24565512575,"country_poststrat",114,5,"NL","2010-11",1,"Europe",4,"Netherlands",-0.00731334557566457,"0",0.46010724373939,"0.4-0.5"
"country_poststrat[115,5]",0.8007241451455,0.7998455,0.33492013589847,0.3301579701,0.24633275,1.344471,1.00778286462868,1016.41582902582,1686.88577658541,"country_poststrat",115,5,"NO","2010-11",0,"Europe",4,"Norway",-1.28907994693347,"-1",0.302548817221312,"0.3-0.4"
"country_poststrat[116,5]",1.86676689,1.866035,0.0444169984585397,0.0452118870000001,1.7938225,1.940622,1.00555987194959,2038.54694824615,2588.42642779996,"country_poststrat",116,5,"NP","2010-11",1,"Asia",2,"Nepal",0.593606623216303,"0.5",0.533974049635141,"0.5-0.6"
"country_poststrat[117,5]",1.578561455,1.578605,0.0309606822493354,0.0306231029999998,1.526736,1.6281665,1.00583844291423,1191.83075332345,2456.26084552136,"country_poststrat",117,5,"NZ","2010-11",1,"Oceania",6,"New Zealand",0.0846209333481808,"0",0.471408068955908,"0.4-0.5"
"country_poststrat[118,5]",2.0985480375,2.09801,0.0362518021760829,0.0359011590000001,2.0393075,2.1593425,1.00251667518321,1500.6888066988,2305.17351955223,"country_poststrat",118,5,"PA","2010-11",1,"North America",5,"Panama",1.00294410590018,"1",0.584290986913911,"0.5-0.6"
"country_poststrat[119,5]",2.255635115,2.255505,0.0290629538219705,0.0293851319999999,2.2085765,2.3027105,1.00578515016561,1161.07707121599,2496.63639935167,"country_poststrat",119,5,"PE","2010-11",1,"South America",7,"Peru",1.28036800149988,"1",0.618392727763532,"0.6-0.7"
"country_poststrat[120,5]",2.289232015,2.289255,0.0377814240744185,0.037532019,2.227389,2.351194,1.00248205312816,2239.9272594448,2841.57202996035,"country_poststrat",120,5,"PH","2010-11",1,"Asia",2,"Philippines",1.33970186286141,"1",0.625686216161078,"0.6-0.7"
"country_poststrat[121,5]",0.35760590325,0.3571305,0.0515529372447393,0.0519176868,0.27426035,0.4428006,1.01007343816003,779.250158492126,1761.33221400437,"country_poststrat",121,5,"PK","2010-11",1,"Asia",2,"Pakistan",-2.07164965816855,"-2",0.206353104045223,"0.2-0.3"
"country_poststrat[122,5]",1.7022297925,1.70168,0.0225293013004446,0.0218757629999999,1.6656065,1.739343,1.01214664949013,721.914004131827,1789.50019705855,"country_poststrat",122,5,"PL","2010-11",1,"Europe",4,"Poland",0.303025607351922,"0",0.498254997830299,"0.4-0.5"
"country_poststrat[123,5]",1.812122045,1.811915,0.0317713776271514,0.032357745,1.7599895,1.8650115,1.00740792478229,1428.19373466455,2734.02103548086,"country_poststrat",123,5,"PS","2010-11",1,"Asia",2,"Palestina",0.497101003431368,"0",0.522111302090184,"0.5-0.6"
"country_poststrat[124,5]",2.0839904175,2.083245,0.0280744734450265,0.0275763600000003,2.039026,2.131082,1.00458591142949,1257.89978868154,2144.84884417366,"country_poststrat",124,5,"PT","2010-11",1,"Europe",4,"Portugal",0.977234596783749,"0.5",0.581130700323009,"0.5-0.6"
"country_poststrat[125,5]",2.0557526325,2.055585,0.0305471320333646,0.031053057,2.005488,2.1054075,1.00326153803495,1353.15090318849,2666.80803634565,"country_poststrat",125,5,"PY","2010-11",1,"South America",7,"Paraguay",0.927365209419237,"0.5",0.575000612211609,"0.5-0.6"
"country_poststrat[126,5]",1.0922335927425,1.10044,0.521483228396341,0.531764142,0.2059878,1.9399535,1.00108354458004,2821.22600434163,2834.91280237177,"country_poststrat",126,5,"QA","2010-11",0,"Asia",2,"Qatar",-0.774259200099763,"-0.5",0.365832059836663,"0.3-0.4"
"country_poststrat[127,5]",1.825013875,1.82486,0.0307553815649908,0.0305119079999997,1.775397,1.876942,1.00587952537333,1330.82910517627,2564.99889025492,"country_poststrat",127,5,"RO","2010-11",1,"Europe",4,"Romania",0.519868641335951,"0.5",0.52490996543496,"0.5-0.6"
"country_poststrat[128,5]",1.8163859175,1.81644,0.028158083992554,0.028421442,1.771039,1.863245,1.00624359337013,1235.1145843266,2620.71302416924,"country_poststrat",128,5,"RS","2010-11",1,"Europe",4,"Serbia",0.504631222581893,"0.5",0.523036938223499,"0.5-0.6"
"country_poststrat[129,5]",1.7075880275,1.70643,0.0233205728223694,0.0227653230000002,1.6702095,1.746961,1.00875363328524,742.573892139414,1773.6307041617,"country_poststrat",129,5,"RU","2010-11",1,"Eurasia",3,"Russia",0.312488527223472,"0",0.499418207078885,"0.4-0.5"
"country_poststrat[130,5]",1.211034711175,1.20893,0.439087796911946,0.4537452822,0.49061845,1.9295385,1.00039042805343,1750.07390096346,2485.01436687681,"country_poststrat",130,5,"RW","2010-11",0,"Africa",1,"Rwanda",-0.564450286459843,"-0.5",0.391622373196018,"0.3-0.4"
"country_poststrat[131,5]",1.670111145,1.67026,0.0488861015644581,0.0504602910000002,1.589647,1.75069,1.00139335049027,1828.42548507048,3094.81742542136,"country_poststrat",131,5,"SA","2010-11",1,"Asia",2,"Saudi Arabia",0.246302416287122,"0",0.491282420512567,"0.4-0.5"
"country_poststrat[132,5]",1.996664065,1.99778,0.083377639644715,0.0833072940000001,1.8589055,2.1335695,1.00048321545741,1797.94022997124,2574.3676335877,"country_poststrat",132,5,"SD","2010-11",1,"Africa",1,"Sudan",0.823011746090877,"0.5",0.562173185232071,"0.5-0.6"
"country_poststrat[133,5]",1.9231334075,1.92291,0.0242764972781076,0.0232323419999999,1.883227,1.9637925,1.00505913075498,1014.55779402853,2365.25282913279,"country_poststrat",133,5,"SE","2010-11",1,"Europe",4,"Sweden",0.693152805595553,"0.5",0.546210551853986,"0.5-0.6"
"country_poststrat[134,5]",1.99540378,1.995685,0.0281021974343068,0.0270426239999999,1.94851,2.0419225,1.00516611144678,1249.76696957434,2070.40391110508,"country_poststrat",134,5,"SG","2010-11",1,"Asia",2,"Singapore",0.820786017661587,"0.5",0.561899592310548,"0.5-0.6"
"country_poststrat[135,5]",1.9913706675,1.99094,0.0245065010390659,0.024277575,1.9509485,2.0318415,1.0108915362578,742.894036285766,2033.9659675525,"country_poststrat",135,5,"SI","2010-11",1,"Europe",4,"Slovenia",0.813663332594499,"0.5",0.561024051435505,"0.5-0.6"
"country_poststrat[136,5]",1.8903517125,1.8904,0.024429987751076,0.0247001160000002,1.8513695,1.9307915,1.00853007918963,1001.65342928608,2450.33205962623,"country_poststrat",136,5,"SK","2010-11",1,"Europe",4,"Slovakia",0.635258638385898,"0.5",0.539094034790377,"0.5-0.6"
"country_poststrat[137,5]",1.88158543,1.881305,0.0398808046365631,0.0394297469999999,1.817115,1.948576,1.00281206387714,2115.69569263736,3286.58821941413,"country_poststrat",137,5,"SL","2010-11",1,"Africa",1,"Sierra Leone",0.619776930534547,"0.5",0.537190978862498,"0.5-0.6"
"country_poststrat[138,5]",1.967474695,1.96718,0.0277705971969301,0.0278284019999999,1.923167,2.0136825,1.00484379186813,1332.62192053042,2264.1169364836,"country_poststrat",138,5,"SN","2010-11",1,"Africa",1,"Senegal",0.771461810447693,"0.5",0.555836519306742,"0.5-0.6"
"country_poststrat[139,5]",1.5779933125,1.57763,0.0413719690727742,0.04188345,1.511109,1.6464875,1.00657718452403,1761.55843990273,2997.50844824843,"country_poststrat",139,5,"SO","2010-11",1,"Africa",1,"Somalia",0.0836175643370938,"0",0.471284731959581,"0.4-0.5"
"country_poststrat[140,5]",2.1398394718425,2.15346,1.06055626466401,1.040333007,0.3776977,3.854727,1.00064285007466,1859.95304895708,2241.06549540355,"country_poststrat",140,5,"SR","2010-11",0,"South America",7,"Suriname",1.07586691248938,"1",0.593254867429526,"0.5-0.6"
"country_poststrat[141,5]",1.568070001479,1.58389,1.17035566012595,1.1730672198,-0.31541145,3.436711,1.00136653854396,1855.51637608679,2372.2927573366,"country_poststrat",141,5,"ST","2010-11",0,"Africa",1,"S√£o Tom√© and Pr√≠ncipe",0.0660924843336594,"0",0.469130498866739,"0.4-0.5"
"country_poststrat[142,5]",2.01794247,2.017595,0.0283249214004591,0.028740201,1.972295,2.064741,1.00532587303647,1161.99839143943,2790.53323576925,"country_poststrat",142,5,"SV","2010-11",1,"North America",5,"El Salvador",0.860590508782213,"0.5",0.566792474511313,"0.5-0.6"
"country_poststrat[143,5]",1.79561984,1.79481,0.0338844494378,0.0338032800000001,1.740286,1.852177,1.00574407479784,1208.66202934295,2221.51396876878,"country_poststrat",143,5,"SY","2010-11",1,"Asia",2,"Syria",0.467957256727667,"0",0.51852886916627,"0.5-0.6"
"country_poststrat[144,5]",2.6375771225075,2.64096,0.925389210806534,0.949419975,1.118752,4.12452,1.00174222420545,1893.00926086128,2644.81380357616,"country_poststrat",144,5,"SZ","2010-11",0,"Africa",1,"Swaziland",1.95489732181204,"1.5",0.701307806246705,"0.7-0.8"
"country_poststrat[145,5]",1.991760865,1.991025,0.0309348657558362,0.0298521509999999,1.94061,2.043011,1.00410677167421,1495.54656097338,2515.90368964983,"country_poststrat",145,5,"TD","2010-11",1,"Africa",1,"Chad",0.814352441541116,"0.5",0.561108758683465,"0.5-0.6"
"country_poststrat[146,5]",1.3514453434,1.349495,0.430431159872047,0.431184558,0.65672335,2.063778,1.00098592878502,2058.06221788536,2416.14648829065,"country_poststrat",146,5,"TG","2010-11",0,"Africa",1,"Togo",-0.316477854892545,"0",0.422103855625204,"0.4-0.5"
"country_poststrat[147,5]",2.29090114,2.29037,0.0318090080440838,0.0315274890000001,2.2398045,2.345242,1.00481295111183,1552.05145198781,2623.94828292964,"country_poststrat",147,5,"TH","2010-11",1,"Asia",2,"Thailand",1.34264962385558,"1",0.626048563396137,"0.6-0.7"
"country_poststrat[148,5]",1.48718013,1.48745,0.034193395315527,0.0334103910000001,1.4316595,1.5439775,1.01406342898454,352.400579735916,1000.65034157989,"country_poststrat",148,5,"TJ","2010-11",1,"Asia",2,"Tajikistan",-0.0767632083012924,"0",0.451570267443272,"0.4-0.5"
"country_poststrat[149,5]",0.653766030778272,0.6539825,0.427064678012387,0.4253690595,-0.068086545,1.3521745,1.00050205532532,1991.15889153587,2355.56611354815,"country_poststrat",149,5,"TM","2010-11",0,"Asia",2,"Turkmenistan",-1.54861557027424,"-1.5",0.270645954098149,"0.2-0.3"
"country_poststrat[150,5]",1.5775998775,1.57759,0.0473318461902337,0.0476507640000004,1.50048,1.656138,1.0033772705686,1436.43623888877,2663.42908816214,"country_poststrat",150,5,"TN","2010-11",1,"Africa",1,"Tunisia",0.0829227377981935,"0",0.47119932188878,"0.4-0.5"
"country_poststrat[151,5]",1.8850048125,1.884715,0.0248365264907731,0.0244035960000002,1.845127,1.9260825,1.0128162587163,590.098012437962,1820.94130790811,"country_poststrat",151,5,"TR","2010-11",1,"Eurasia",3,"Turkey",0.62581573671003,"0.5",0.537933286235813,"0.5-0.6"
"country_poststrat[152,5]",1.627327508725,1.625885,0.479065624137579,0.478368303,0.83763205,2.4096995,1.00074302386845,2305.8066894295,2857.38787443114,"country_poststrat",152,5,"TT","2010-11",0,"North America",5,"Trinidad and Tobago",0.170744303982621,"0",0.481994600660838,"0.4-0.5"
"country_poststrat[153,5]",2.344368295,2.343995,0.0333656763678311,0.0333955649999999,2.290749,2.4000525,1.00510702131902,1246.47130311977,2443.26346102105,"country_poststrat",153,5,"TW","2010-11",1,"Asia",2,"Taiwan",1.43707538224893,"1",0.637655648414168,"0.6-0.7"
"country_poststrat[154,5]",2.0509468075,2.050135,0.0394530474047357,0.039340791,1.98684,2.116782,1.00310467052897,1960.50045594457,2684.28560467202,"country_poststrat",154,5,"TZ","2010-11",1,"Africa",1,"Tanzania",0.91887787415087,"0.5",0.57395732462025,"0.5-0.6"
"country_poststrat[155,5]",1.9708076075,1.97089,0.0249550473351148,0.025181961,1.9300975,2.013291,1.00870664696738,755.734907802852,1955.79013274541,"country_poststrat",155,5,"UA","2010-11",1,"Europe",4,"Ukraine",0.777347906135245,"0.5",0.556560055068934,"0.5-0.6"
"country_poststrat[156,5]",1.9316963125,1.931725,0.0325279286385211,0.0318610740000002,1.8786495,1.9855575,1.00538526283546,1354.48733352785,2764.20721321511,"country_poststrat",156,5,"UG","2010-11",1,"Africa",1,"Uganda",0.708275338273329,"0.5",0.548069456939479,"0.5-0.6"
"country_poststrat[157,5]",0.99903131025,0.9986045,0.0231824290108846,0.0226748844,0.9616469,1.0376805,1.01942535384931,380.129423827373,874.987417206873,"country_poststrat",157,5,"US","2010-11",1,"North America",5,"United States",-0.938859246770391,"-0.5",0.345598950056182,"0.3-0.4"
"country_poststrat[158,5]",1.8426830875,1.842555,0.0272081931904071,0.0267979949999999,1.797709,1.8889715,1.00600892709327,1004.83652423403,2056.20350665355,"country_poststrat",158,5,"UY","2010-11",1,"South America",7,"Uruguay",0.551073383584267,"0.5",0.528745741841787,"0.5-0.6"
"country_poststrat[159,5]",1.321978345,1.32189,0.0294805782140367,0.029748369,1.273929,1.371266,1.01419543005664,404.611852725549,1240.26997506868,"country_poststrat",159,5,"UZ","2010-11",1,"Asia",2,"Uzbekistan",-0.368518096635269,"0",0.415706919868009,"0.4-0.5"
"country_poststrat[160,5]",2.098672764675,2.121895,0.874779926515014,0.877024617,0.64718305,3.496202,1.00403049129199,2074.2579653279,2349.99000819817,"country_poststrat",160,5,"VC","2010-11",0,"North America",5,"Saint Vincent and the Grenadines",1.00316438053592,"1",0.584318063703845,"0.5-0.6"
"country_poststrat[161,5]",2.1907560125,2.19054,0.0302365047563341,0.0300671280000001,2.1409825,2.240842,1.00652305073311,1218.32975076271,2525.32788512534,"country_poststrat",161,5,"VE","2010-11",1,"South America",7,"Venezuela",1.1657881541629,"1",0.6043082443342,"0.6-0.7"
"country_poststrat[162,5]",2.6382702125,2.640585,0.0850887982029641,0.0870730979999996,2.4978875,2.7768515,1.00221053646413,751.751022541373,1684.04450224391,"country_poststrat",162,5,"VN","2010-11",1,"Asia",2,"Vietnam",1.95612135455095,"1.5",0.701458267861282,"0.7-0.8"
"country_poststrat[163,5]",1.96446539,1.96389,0.0656948011259007,0.065004597,1.8564655,2.072097,1.00044075828736,2158.9131487258,2818.81764776831,"country_poststrat",163,5,"YE","2010-11",1,"Asia",2,"Yemen",0.766147222326034,"0.5",0.555183234893532,"0.5-0.6"
"country_poststrat[164,5]",1.50035481,1.499895,0.0347189525847345,0.034870752,1.4434275,1.557998,1.0041208074526,1413.5843958801,2517.84033798622,"country_poststrat",164,5,"ZA","2010-11",1,"Africa",1,"South Africa",-0.0534960426817693,"0",0.454430334167326,"0.4-0.5"
"country_poststrat[165,5]",1.1909534622925,1.188955,0.430689491309169,0.4427547684,0.50219055,1.893052,1.00106754812306,2169.33331724257,2329.32327523759,"country_poststrat",165,5,"ZM","2010-11",0,"Africa",1,"Zambia",-0.599914809590272,"-0.5",0.387262972306866,"0.3-0.4"
"country_poststrat[166,5]",1.5989155025,1.59827,0.0340934520306368,0.0337291499999999,1.543227,1.65604,1.00554029730573,1552.25903453908,2990.67123430287,"country_poststrat",166,5,"ZW","2010-11",1,"Africa",1,"Zimbabwe",0.120567232932698,"0",0.475826691188445,"0.4-0.5"
"country_poststrat[1,11]",1.57918938864,1.59339,1.35836825295983,1.3416870243,-0.6807903,3.7748815,1.00062581733232,2777.03276140131,3027.21790178329,"country_poststrat",1,11,"AD","2022-23",0,"Europe",4,"Andorra",0.0857298966019334,"0",0.471544385899369,"0.4-0.5"
"country_poststrat[2,11]",2.01457147,2.01452,0.0480413947059244,0.0480584789999998,1.936947,2.094081,1.00057839654057,2649.15354250865,2699.6963435258,"country_poststrat",2,11,"AE","2022-23",1,"Asia",2,"United Arab Emirates",0.854637148601669,"0.5",0.56606067040474,"0.5-0.6"
"country_poststrat[3,11]",1.2709952995725,1.260125,0.488847671341315,0.4847071593,0.49903055,2.0864765,1.00002778806447,2369.52594655763,2886.76007163692,"country_poststrat",3,11,"AF","2022-23",0,"Asia",2,"Afghanistan",-0.458556789168926,"0",0.404639105566778,"0.4-0.5"
"country_poststrat[4,11]",1.628365789043,1.644635,0.904134977533309,0.887669685,0.1230907,3.055454,1.0020116586221,2750.29691593268,2989.92831216556,"country_poststrat",4,11,"AG","2022-23",0,"North America",5,"Antigua and Barbuda",0.172577960672453,"0",0.482219998999755,"0.4-0.5"
"country_poststrat[5,11]",1.97002734025,1.973745,0.490507837850338,0.50030337,1.169168,2.7847715,1.00081538443329,2313.26072631517,2548.48277760718,"country_poststrat",5,11,"AL","2022-23",0,"Europe",4,"Albania",0.775969913855111,"0.5",0.556390668306023,"0.5-0.6"
"country_poststrat[6,11]",1.227177184795,1.23135,0.483517859880274,0.476055447,0.4232171,2.0398025,1.000566095441,2351.42513511191,2709.5808677076,"country_poststrat",6,11,"AM","2022-23",0,"Eurasia",3,"Armenia",-0.535941843960646,"-0.5",0.395126712705174,"0.3-0.4"
"country_poststrat[7,11]",2.34548623,2.345345,0.0381021123867061,0.0380805810000003,2.283374,2.4062535,1.00037833407684,2110.84843952328,2983.78949773819,"country_poststrat",7,11,"AR","2022-23",1,"South America",7,"Argentina",1.43904971322296,"1",0.637898338839526,"0.6-0.7"
"country_poststrat[8,11]",1.6180052075,1.618545,0.0471465993860147,0.046531401,1.5394145,1.6949135,1.00240591280877,2172.85714812913,3082.14119739391,"country_poststrat",8,11,"AT","2022-23",1,"Europe",4,"Austria",0.154280638333272,"0",0.479970839664349,"0.4-0.5"
"country_poststrat[9,11]",1.6006734475,1.60144,0.0435279028011954,0.044366805,1.529547,1.6713825,1.00272857239618,2170.36308943142,3172.06571566735,"country_poststrat",9,11,"AU","2022-23",1,"Oceania",6,"Australia",0.123671854636224,"0",0.476208320191747,"0.4-0.5"
"country_poststrat[10,11]",1.0821807924725,1.086395,0.496053020319087,0.487871769,0.2677663,1.8813495,1.00073722436944,2767.11492839043,2613.74566146984,"country_poststrat",10,11,"AZ","2022-23",0,"Eurasia",3,"Azerbaijan",-0.792012964807678,"-0.5",0.363649716164119,"0.3-0.4"
"country_poststrat[11,11]",1.9167994701925,1.90679,0.519774039454222,0.528391227,1.089057,2.765377,1.00207358063547,2591.44200376948,2694.63145986663,"country_poststrat",11,11,"BA","2022-23",0,"Europe",4,"Bosnia and Herzegovina",0.681966745034136,"0.5",0.54483552921014,"0.5-0.6"
"country_poststrat[12,11]",1.52558674371,1.531855,0.489363883381545,0.491897028,0.707656,2.316114,1.00237170959529,2632.37110928575,2585.1879250918,"country_poststrat",12,11,"BD","2022-23",0,"Asia",2,"Bangladesh",-0.00893514400860212,"0",0.459907887624983,"0.4-0.5"
"country_poststrat[13,11]",2.0282271325,2.02758,0.0350578092805345,0.0343592549999999,1.9719395,2.086631,1.00462648724155,1218.33390681619,2413.68158776332,"country_poststrat",13,11,"BE","2022-23",1,"Europe",4,"Belgium",0.878753754168697,"0.5",0.569025152723185,"0.5-0.6"
"country_poststrat[14,11]",1.7583870075,1.75828,0.0492427626645648,0.0498598379999999,1.675672,1.837742,1.00307911093641,1798.90156942388,3163.06113712629,"country_poststrat",14,11,"BF","2022-23",1,"Africa",1,"Burkina Faso",0.402202150701451,"0",0.510446062959551,"0.5-0.6"
"country_poststrat[15,11]",1.6372452225,1.636385,0.0342138039758241,0.0344185590000003,1.5817465,1.694249,1.0033535209432,1614.73599662158,2828.57159235349,"country_poststrat",15,11,"BG","2022-23",1,"Europe",4,"Bulgaria",0.188259498960408,"0",0.484147618657979,"0.4-0.5"
"country_poststrat[16,11]",0.6433234454265,0.6529975,0.499033484348073,0.5023968012,-0.179249,1.4475415,0.999547980688042,3261.68075531398,2574.96075152025,"country_poststrat",16,11,"BH","2022-23",0,"Asia",2,"Bahrain",-1.56705771557687,"-1.5",0.268378992708749,"0.2-0.3"
"country_poststrat[17,11]",1.040050118255,1.04969,1.29179444716603,1.284695139,-1.0521025,3.1463725,1.00199418517979,2761.32348605311,2545.02555594917,"country_poststrat",17,11,"BI","2022-23",0,"Africa",1,"Burundi",-0.866417912379896,"-0.5",0.354503646628355,"0.3-0.4"
"country_poststrat[18,11]",2.1120522225,2.111445,0.0476429230863887,0.0485106719999998,2.035173,2.191429,1.00067625938263,2692.63765678249,3068.49013876158,"country_poststrat",18,11,"BJ","2022-23",1,"Africa",1,"Benin",1.02679319437532,"1",0.58722258526423,"0.5-0.6"
"country_poststrat[19,11]",2.39192569,2.39113,0.0626525847484987,0.0642632969999999,2.290913,2.4940475,1.00004016094979,3016.37438710935,2802.48563213518,"country_poststrat",19,11,"BO","2022-23",1,"South America",7,"Bolivia",1.52106419912328,"1.5",0.647979794649386,"0.6-0.7"
"country_poststrat[20,11]",2.7418355025,2.74102,0.03588893510559,0.0357380729999997,2.683739,2.801025,1.00078553206479,1170.17669534397,2622.90381049407,"country_poststrat",20,11,"BR","2022-23",1,"South America",7,"Brazil",2.13902300793942,"2+",0.72394106362528,"0.7-0.8"
"country_poststrat[21,11]",2.5808213525,2.580815,0.0648435052035862,0.064722903,2.478568,2.687164,1.00058984128463,2614.00048962178,2744.33618613733,"country_poststrat",21,11,"BS","2022-23",1,"North America",5,"Bahamas",1.85466369939175,"1.5",0.68898680192656,"0.6-0.7"
"country_poststrat[22,11]",2.6837523325,2.684115,0.065640792369457,0.0671098889999995,2.5747595,2.7915115,0.999746502781143,2327.32311373712,2641.48711922367,"country_poststrat",22,11,"BW","2022-23",1,"Africa",1,"Botswana",2.03644512854524,"2+",0.71133189651499,"0.7-0.8"
"country_poststrat[23,11]",1.278583303962,1.283445,0.485352697284727,0.4701287535,0.49927,2.0881255,0.999643737451506,3483.50636884253,3234.41427206243,"country_poststrat",23,11,"BY","2022-23",0,"Europe",4,"Belarus",-0.445155981342689,"0",0.406286371295918,"0.4-0.5"
"country_poststrat[24,11]",2.717945785,2.71683,0.0688895551646726,0.0699120029999998,2.60559,2.8328405,1.00092624512664,2344.15953879076,2900.67308351022,"country_poststrat",24,11,"BZ","2022-23",1,"North America",5,"Belize",2.09683253244581,"2+",0.718754889382808,"0.7-0.8"
"country_poststrat[25,11]",1.483757095,1.483335,0.0330308411878712,0.0333362610000001,1.4291285,1.53814,1.00699915165016,1296.1653351607,2375.6970893462,"country_poststrat",25,11,"CA","2022-23",1,"North America",5,"Canada",-0.0828084649805,"0",0.45082716715554,"0.4-0.5"
"country_poststrat[26,11]",1.0981934173675,1.111785,1.36232271745225,1.3561357026,-1.13767,3.281975,1.00013794507579,2151.43652113086,2555.11081835053,"country_poststrat",26,11,"CD","2022-23",0,"Africa",1,"Democratic Republic of the Congo",-0.763733841866152,"-0.5",0.367125867055599,"0.3-0.4"
"country_poststrat[27,11]",2.13672892943975,2.16123,1.15334747673127,1.146212886,0.21760285,4.032704,1.00051007790883,2739.87431635917,2796.67784991527,"country_poststrat",27,11,"CF","2022-23",0,"Africa",1,"Central African Republic",1.0703735338835,"1",0.592579605577256,"0.5-0.6"
"country_poststrat[28,11]",1.5267110676825,1.52197,0.495069878622579,0.498702162,0.7100006,2.3573235,1.00186747566154,2491.21022771524,2563.33063965812,"country_poststrat",28,11,"CG","2022-23",0,"Africa",1,"Republic of Congo",-0.0069495297790224,"0",0.460151965020472,"0.4-0.5"
"country_poststrat[29,11]",2.0417350325,2.041805,0.0502732863475125,0.0499339679999999,1.9596175,2.1253005,1.00283874090755,1543.47107799149,2096.73587396051,"country_poststrat",29,11,"CH","2022-23",1,"Europe",4,"Switzerland",0.902609403525794,"0.5",0.571957557555929,"0.5-0.6"
"country_poststrat[30,11]",1.72929631,1.72803,0.0573073198048007,0.0580512030000001,1.6345385,1.8237155,1.00124527686401,2743.70532417393,3073.46482281999,"country_poststrat",30,11,"CI","2022-23",1,"Africa",1,"Cote d'Ivoire",0.350826475791703,"0",0.504130817663326,"0.5-0.6"
"country_poststrat[31,11]",2.5579070925,2.557305,0.0440482150550261,0.0435068969999999,2.486144,2.6316625,1.00028265550648,2288.85079876887,2929.22460006309,"country_poststrat",31,11,"CL","2022-23",1,"South America",7,"Chile",1.81419593224532,"1.5",0.684012387934545,"0.6-0.7"
"country_poststrat[32,11]",1.6992659675,1.69956,0.0446359479615539,0.0442111319999999,1.625745,1.7713155,1.00203663521773,2112.43494587301,2846.76668552319,"country_poststrat",32,11,"CM","2022-23",1,"Africa",1,"Cameroon",0.297791339260227,"0",0.497611586585516,"0.4-0.5"
"country_poststrat[33,11]",1.480847095,1.48133,0.0457513158716443,0.046813095,1.406658,1.5556865,1.00584841947951,1435.6510890792,2231.28811712875,"country_poststrat",33,11,"CN","2022-23",1,"Asia",2,"China",-0.0879476753410414,"0",0.450195440679679,"0.4-0.5"
"country_poststrat[34,11]",2.9465954425,2.945765,0.0419176201211776,0.0431510730000002,2.8787395,3.0180535,1.0019100698719,1247.41209662899,2748.68446354537,"country_poststrat",34,11,"CO","2022-23",1,"South America",7,"Colombia",2.5006396419847,"2+",0.768392017334466,"0.7-0.8"
"country_poststrat[35,11]",2.996247615,2.996635,0.0454023661214273,0.0444557609999999,2.921322,3.07145,1.00069750118296,1423.94522448571,2210.12222003046,"country_poststrat",35,11,"CR","2022-23",1,"North America",5,"Costa Rica",2.5883279441618,"2+",0.779170914912567,"0.7-0.8"
"country_poststrat[36,11]",2.65869586,2.657675,0.0678812902341386,0.0670654110000002,2.549799,2.769283,1.00084255685184,2051.58585181687,2681.13367830129,"country_poststrat",36,11,"CV","2022-23",1,"Africa",1,"Cape Verde",1.99219410343506,"1.5",0.705892433604359,"0.7-0.8"
"country_poststrat[37,11]",2.26975301,2.268425,0.110673719616236,0.111232065,2.089667,2.4528695,1.00317105306487,2018.31432567202,2637.27128788249,"country_poststrat",37,11,"CY","2022-23",1,"Eurasia",3,"Cyprus",1.30530093354559,"1",0.621457555273817,"0.6-0.7"
"country_poststrat[38,11]",1.484242665,1.48368,0.0346375650620267,0.0335586510000001,1.4261665,1.540706,1.00320257825629,1206.51786886552,2641.522690389,"country_poststrat",38,11,"CZ","2022-23",1,"Europe",4,"Czech Republic",-0.0819509232709579,"0",0.450932578641755,"0.4-0.5"
"country_poststrat[39,11]",1.84367504,1.843045,0.0323669208821328,0.03283959,1.7918205,1.8974605,1.00611580327737,1232.25350382723,2767.03600599231,"country_poststrat",39,11,"DE","2022-23",1,"Europe",4,"Germany",0.552825222953739,"0.5",0.528961082961047,"0.5-0.6"
"country_poststrat[40,11]",1.11856898917025,1.113315,1.35146477254013,1.3039148241,-1.110452,3.396241,1.00017842957356,2738.43794523004,2507.06335393341,"country_poststrat",40,11,"DJ","2022-23",0,"Africa",1,"Djibouti",-0.727749529250812,"-0.5",0.3715491619589,"0.3-0.4"
"country_poststrat[41,11]",1.848152,1.84802,0.045836756390577,0.0457604489999999,1.772625,1.9214405,1.00310171620507,2161.24866810796,2675.99276051598,"country_poststrat",41,11,"DK","2022-23",1,"Europe",4,"Denmark",0.560731765639557,"0.5",0.52993297786255,"0.5-0.6"
"country_poststrat[42,11]",1.6669571525875,1.66073,0.898297759190863,0.906024273,0.21029785,3.178151,1.00243562655232,2673.24854964441,2982.83484407286,"country_poststrat",42,11,"DM","2022-23",0,"North America",5,"Dominica",0.240732302718948,"0",0.490597726178669,"0.4-0.5"
"country_poststrat[43,11]",2.6556795025,2.65522,0.0498350838609042,0.0501860099999999,2.5752765,2.739721,1.00145888503336,1922.9618814166,2782.42998237822,"country_poststrat",43,11,"DO","2022-23",1,"North America",5,"Dominican Republic",1.986867060234,"1.5",0.70523761817707,"0.7-0.8"
"country_poststrat[44,11]",1.00332754530625,1.01232,0.488398285422388,0.483579642,0.21069245,1.7989415,1.00136311966738,2692.24428044546,2522.78332415839,"country_poststrat",44,11,"DZ","2022-23",0,"Africa",1,"Algeria",-0.931271873673346,"-0.5",0.346531611716511,"0.3-0.4"
"country_poststrat[45,11]",2.7231709,2.723395,0.0438450012147666,0.0448486499999998,2.6508485,2.794222,1.00117087202786,1859.26933016351,2764.27687005882,"country_poststrat",45,11,"EC","2022-23",1,"South America",7,"Ecuador",2.10606035551901,"2+",0.719889199858725,"0.7-0.8"
"country_poststrat[46,11]",1.1850979175,1.186065,0.0387036664560023,0.038243667,1.12051,1.247931,1.006090683239,1178.3575275462,2255.89600851346,"country_poststrat",46,11,"EE","2022-23",1,"Europe",4,"Estonia",-0.610256004251518,"-0.5",0.385991803002395,"0.3-0.4"
"country_poststrat[47,11]",2.74485878,2.74446,0.0601293883990924,0.0596672370000005,2.645625,2.8449345,1.00020873821767,2492.21461311974,3252.70051260702,"country_poststrat",47,11,"EG","2022-23",1,"Africa",1,"Egypt",2.14436227221804,"2+",0.72459738130247,"0.7-0.8"
"country_poststrat[48,11]",2.2833964375,2.282845,0.039823733860956,0.03995607,2.2191165,2.348911,1.0032882544175,1603.5633167071,2310.22568025871,"country_poststrat",48,11,"ES","2022-23",1,"Europe",4,"Spain",1.32939593147043,"1",0.624419381518917,"0.6-0.7"
"country_poststrat[49,11]",2.1819946075,2.18087,0.0625529826287674,0.063366324,2.078814,2.285091,1.00011047932883,3753.29008533243,3439.47202136361,"country_poststrat",49,11,"ET","2022-23",1,"Africa",1,"Ethiopia",1.15031506022857,"1",0.602406247253705,"0.6-0.7"
"country_poststrat[50,11]",1.56680752,1.566845,0.036076020267058,0.0354860310000002,1.50684,1.6273785,1.00335632644933,1455.14005887769,2741.18527175909,"country_poststrat",50,11,"FI","2022-23",1,"Europe",4,"Finland",0.0638628768089624,"0",0.468856429115684,"0.4-0.5"
"country_poststrat[51,11]",2.0411634925,2.04061,0.030464752655586,0.0298669770000001,1.9926345,2.09301,1.00409193169917,1098.33273834608,2316.631167542,"country_poststrat",51,11,"FR","2022-23",1,"Europe",4,"France",0.901600034354157,"0.5",0.571833483002659,"0.5-0.6"
"country_poststrat[52,11]",2.11054207,2.111015,0.0493645311666122,0.048992517,2.0299265,2.190391,1.00045157759485,2268.27282006854,3375.5635362941,"country_poststrat",52,11,"GA","2022-23",1,"Africa",1,"Gabon",1.02412618703031,"1",0.586894749072877,"0.5-0.6"
"country_poststrat[53,11]",1.73676434,1.736555,0.0333755416983802,0.0337958669999998,1.6810745,1.7911705,1.00272542421115,1791.02614556814,2942.29323923232,"country_poststrat",53,11,"GB","2022-23",1,"Europe",4,"United Kingdom",0.364015402646972,"0",0.505752038375877,"0.5-0.6"
"country_poststrat[54,11]",2.5168770525,2.516645,0.065224854697077,0.065931222,2.4120405,2.624593,1.00102327879238,2724.21914139714,2853.91281434797,"country_poststrat",54,11,"GD","2022-23",1,"North America",5,"Grenada",1.74173476157129,"1.5",0.675105253029514,"0.6-0.7"
"country_poststrat[55,11]",2.113961415,2.115295,0.471812738904454,0.480718224,1.357423,2.886706,1.00039391595221,3429.95783738566,2899.0519291751,"country_poststrat",55,11,"GE","2022-23",0,"Eurasia",3,"Georgia",1.03016492697885,"1",0.587637048305386,"0.5-0.6"
"country_poststrat[56,11]",1.512524155,1.511935,0.0446886434063325,0.04477452,1.44029,1.586862,1.00435630969105,1174.26952335935,2382.21049271598,"country_poststrat",56,11,"GH","2022-23",1,"Africa",1,"Ghana",-0.032004350618196,"0",0.45707215459014,"0.4-0.5"
"country_poststrat[57,11]",2.54747125,2.54683,0.0535365682568717,0.0542409210000001,2.4603635,2.635753,1.00061058993236,1694.03190334092,2887.73682486013,"country_poststrat",57,11,"GM","2022-23",1,"Africa",1,"Gambia",1.79576569516732,"1.5",0.681746890338268,"0.6-0.7"
"country_poststrat[58,11]",2.1979251,2.19808,0.0486448623967568,0.0487849529999999,2.118583,2.277434,1.00046040483795,2547.43190032554,2757.13220711166,"country_poststrat",58,11,"GN","2022-23",1,"Africa",1,"Guinea",1.17844913311672,"1",0.605864568176645,"0.6-0.7"
"country_poststrat[59,11]",2.1616586875,2.16183,0.0339403067864528,0.0343370160000001,2.10599,2.21732,1.00549656458573,850.64458486182,2148.35886345612,"country_poststrat",59,11,"GR","2022-23",1,"Europe",4,"Greece",1.11440077474571,"1",0.597991560286353,"0.5-0.6"
"country_poststrat[60,11]",2.5701099125,2.56869,0.065986424395617,0.0654493770000005,2.4637145,2.682299,1.00030683940624,3271.53577331077,3315.20456031217,"country_poststrat",60,11,"GT","2022-23",1,"North America",5,"Guatemala",1.83574674288855,"1.5",0.686661475382712,"0.6-0.7"
"country_poststrat[61,11]",2.561809917125,2.56321,0.917907724523047,0.921117141,1.056452,4.0696115,1.00053038471233,2580.15299843708,2594.74331026856,"country_poststrat",61,11,"GY","2022-23",0,"South America",7,"Guyana",1.82108852219314,"1.5",0.684859644857656,"0.6-0.7"
"country_poststrat[62,11]",2.5680581025,2.56797,0.0687661572040975,0.067280388,2.455123,2.681161,1.00070393155266,3150.43305834348,3085.79574569966,"country_poststrat",62,11,"HN","2022-23",1,"North America",5,"Honduras",1.83212314041094,"1.5",0.686216051774315,"0.6-0.7"
"country_poststrat[63,11]",2.098891275,2.09914,0.0384256540919927,0.0384734700000002,2.0352995,2.162871,1.00271490332182,1104.75339859378,2690.77335712573,"country_poststrat",63,11,"HR","2022-23",1,"Europe",4,"Croatia",1.00355028106036,"1",0.584365499703004,"0.5-0.6"
"country_poststrat[64,11]",1.455885867045,1.472755,0.832407120796501,0.831330885,0.0650072550000001,2.8082425,1.00251853423035,2499.53941105156,2671.25367443671,"country_poststrat",64,11,"HT","2022-23",0,"North America",5,"Haiti",-0.132030493663434,"0",0.44477665422979,"0.4-0.5"
"country_poststrat[65,11]",2.0519989625,2.0514,0.0337128986432838,0.0328988939999999,1.997799,2.107633,1.00519976182198,1077.47932231556,2267.87604530014,"country_poststrat",65,11,"HU","2022-23",1,"Europe",4,"Hungary",0.920736034246023,"0.5",0.57418573498802,"0.5-0.6"
"country_poststrat[66,11]",2.34464522,2.345325,0.0704889387629263,0.0721729680000001,2.227518,2.461773,1.00146793001495,2999.11248950378,3069.79641996451,"country_poststrat",66,11,"ID","2022-23",1,"Asia",2,"Indonesia",1.43756444610773,"1",0.63771576554624,"0.6-0.7"
"country_poststrat[67,11]",1.4997281075,1.499805,0.0350608210405354,0.034729905,1.442923,1.5581435,1.00700367021507,1145.02433609649,2243.32436458667,"country_poststrat",67,11,"IE","2022-23",1,"Europe",4,"Ireland",-0.0546028316786685,"0",0.454294284489753,"0.4-0.5"
"country_poststrat[68,11]",0.59540215025,0.593635,0.0678468166153165,0.0672507360000001,0.48215325,0.7089407,1.00178740349013,2615.85247425281,3171.98856819854,"country_poststrat",68,11,"IL","2022-23",1,"Asia",2,"Israel",-1.65168919896574,"-1.5",0.257975848062511,"0.2-0.3"
"country_poststrat[69,11]",2.1949271425,2.19418,0.0267856467072773,0.0262642589999996,2.151529,2.241412,1.00293663598197,1149.82613469059,2213.56246693168,"country_poststrat",69,11,"IN","2022-23",1,"Asia",2,"India",1.17315458526639,"1",0.605213747171059,"0.6-0.7"
"country_poststrat[70,11]",0.57224549795875,0.5661695,0.489056129197974,0.486048171,-0.218891,1.3831195,1.00042132741953,2487.26736468397,2669.94840101018,"country_poststrat",70,11,"IQ","2022-23",0,"Asia",2,"Iraq",-1.69258504342301,"-1.5",0.252948813579799,"0.2-0.3"
"country_poststrat[71,11]",1.66052893565,1.650285,0.486282349863199,0.50237901,0.88286765,2.4657585,1.0008872460331,2983.63074394685,3042.65485808221,"country_poststrat",71,11,"IR","2022-23",0,"Asia",2,"Iran",0.229379739459496,"0",0.48920223654568,"0.4-0.5"
"country_poststrat[72,11]",1.5193594875,1.51687,0.0801180572982062,0.081550413,1.389639,1.652974,1.00002399318801,3876.87327698597,3402.60976805932,"country_poststrat",72,11,"IS","2022-23",1,"Europe",4,"Iceland",-0.01993280023959,"0",0.458556024181743,"0.4-0.5"
"country_poststrat[73,11]",2.135742645,2.135105,0.0325128676087486,0.0326987430000006,2.083373,2.1899195,1.00322430225761,938.636137101796,2303.76794833855,"country_poststrat",73,11,"IT","2022-23",1,"Europe",4,"Italy",1.0686317046013,"1",0.59236549492663,"0.5-0.6"
"country_poststrat[74,11]",2.686998105,2.68638,0.0690960717323437,0.0708905189999999,2.5722095,2.7992155,1.00032929633267,2463.10229908245,2864.55173448191,"country_poststrat",74,11,"JM","2022-23",1,"North America",5,"Jamaica",2.04217733049024,"2+",0.712036515217008,"0.7-0.8"
"country_poststrat[75,11]",2.1619494925,2.162725,0.101849683350353,0.100490628,1.9970185,2.330451,1.00097885297416,3578.2197796274,3159.68991608384,"country_poststrat",75,11,"JO","2022-23",1,"Asia",2,"Jordan",1.11491435140169,"1",0.598054690601752,"0.5-0.6"
"country_poststrat[76,11]",1.726445075,1.72623,0.0434897429169123,0.04321779,1.6560765,1.7988605,1.00202410646547,2153.5619916129,2342.7092088016,"country_poststrat",76,11,"JP","2022-23",1,"Asia",2,"Japan",0.345791047457567,"0",0.503511848371779,"0.5-0.6"
"country_poststrat[77,11]",2.7527235675,2.75302,0.0385684867610943,0.0387774029999999,2.689462,2.816097,1.00147629628427,880.691244369785,2089.32492335691,"country_poststrat",77,11,"KE","2022-23",1,"Africa",1,"Kenya",2.15825189331888,"2+",0.726304733361155,"0.7-0.8"
"country_poststrat[78,11]",1.55510128405,1.55164,0.476801462523108,0.47858328,0.76036295,2.329461,1.00215045422504,2331.20472075982,2581.53956467001,"country_poststrat",78,11,"KG","2022-23",0,"Asia",2,"Kyrgyzstan",0.0431890592566676,"0",0.466315144173316,"0.4-0.5"
"country_poststrat[79,11]",0.9046553298,0.9179975,0.490574238119837,0.4891178943,0.10437815,1.696124,1.00095644932537,2635.24523279261,2858.70866914697,"country_poststrat",79,11,"KH","2022-23",0,"Asia",2,"Cambodia",-1.10553210467928,"-1",0.32511104437384,"0.3-0.4"
"country_poststrat[80,11]",1.67522718914675,1.6571,1.22200325971694,1.2665503389,-0.288342,3.692352,1.00017180505917,2789.97286291317,3024.98256985344,"country_poststrat",80,11,"KM","2022-23",0,"Africa",1,"Comoros",0.255337614597763,"0",0.492393053000256,"0.4-0.5"
"country_poststrat[81,11]",1.89820855703425,1.89952,0.916971916780179,0.899404464,0.35791055,3.415799,1.00193383686461,2557.62275156529,2613.98755129369,"country_poststrat",81,11,"KN","2022-23",0,"North America",5,"Saint Kitts and Nevis",0.649134231798811,"0.5",0.540799662525432,"0.5-0.6"
"country_poststrat[82,11]",1.95333701,1.953185,0.0405157248762806,0.0403118939999999,1.8878075,2.0209505,1.00076254268822,2409.70756177193,2657.73754361353,"country_poststrat",82,11,"KR","2022-23",1,"Asia",2,"South Korea",0.746493928239423,"0.5",0.552767395622246,"0.5-0.6"
"country_poststrat[83,11]",1.0148988651395,1.00569,0.482341825197022,0.478635171,0.2156424,1.804961,1.00127868158888,2974.23346453538,2561.53568429937,"country_poststrat",83,11,"KW","2022-23",0,"Asia",2,"Kuwait",-0.910836324954387,"-0.5",0.349043607970573,"0.3-0.4"
"country_poststrat[84,11]",1.3159265747225,1.31814,0.474907384247152,0.468338514,0.5191369,2.1024375,1.00095317655154,2306.69408178007,2615.78947825486,"country_poststrat",84,11,"KZ","2022-23",0,"Eurasia",3,"Kazakhstan",-0.379205835642053,"0",0.414393152338756,"0.4-0.5"
"country_poststrat[85,11]",1.05705335416175,1.056725,0.476208160463297,0.4793134605,0.27933225,1.832665,1.00146139692313,2369.40433473082,2748.7963615328,"country_poststrat",85,11,"LA","2022-23",0,"Asia",2,"Laos",-0.836389319206462,"-0.5",0.358194847417911,"0.3-0.4"
"country_poststrat[86,11]",0.8325484870945,0.838727,0.486229177060821,0.4966161438,0.0232745000000001,1.625364,1.00070048268908,2560.30772336687,2499.32453244966,"country_poststrat",86,11,"LB","2022-23",0,"Asia",2,"Lebanon",-1.23287651467859,"-1",0.309457504295552,"0.3-0.4"
"country_poststrat[87,11]",2.4266453811,2.45607,0.935954811583348,0.934038,0.87863175,3.944632,1.00316974009668,2095.54310532314,2528.52719797137,"country_poststrat",87,11,"LC","2022-23",0,"North America",5,"Saint Lucia",1.58238096758235,"1.5",0.655517027673988,"0.6-0.7"
"country_poststrat[88,11]",1.4838735674525,1.48741,0.482525385616703,0.47569221,0.68193945,2.273487,1.00011836580353,2715.24149123135,2747.51345168046,"country_poststrat",88,11,"LK","2022-23",0,"Asia",2,"Sri Lanka",-0.0826027686112197,"0",0.450852451943153,"0.4-0.5"
"country_poststrat[89,11]",1.6885766825,1.688355,0.0507004128793418,0.0487923659999998,1.6038975,1.7720055,1.00151163363169,2025.50861336737,3163.25921668997,"country_poststrat",89,11,"LR","2022-23",1,"Africa",1,"Liberia",0.278913509631782,"0",0.495291069629321,"0.4-0.5"
"country_poststrat[90,11]",4.0134800125,4.01268,0.0899303293369846,0.0927218040000004,3.866868,4.1635185,1.00442030388858,697.025731516818,2053.6595840547,"country_poststrat",90,11,"LS","2022-23",1,"Africa",1,"Lesotho",4.38481291883877,NA,1,"0.9-1"
"country_poststrat[91,11]",1.6845889325,1.68433,0.0374925370329715,0.0376358009999998,1.622806,1.7464025,1.00439268570168,1295.04814276791,3197.36908969944,"country_poststrat",91,11,"LT","2022-23",1,"Europe",4,"Lithuania",0.271870937083587,"0",0.494425376414849,"0.4-0.5"
"country_poststrat[92,11]",2.09458326,2.09579,0.0584648697118193,0.0593855429999999,1.999299,2.1894505,1.00249842628262,2065.64884285375,2738.1951356177,"country_poststrat",92,11,"LU","2022-23",1,"Europe",4,"Luxembourg",0.995942103973983,"0.5",0.583430280756644,"0.5-0.6"
"country_poststrat[93,11]",1.4683268825,1.468345,0.0514664625294717,0.051260895,1.383513,1.551894,1.00141075114123,1954.2010604409,3065.79306875046,"country_poststrat",93,11,"LV","2022-23",1,"Europe",4,"Latvia",-0.11005901753904,"0",0.447477451085295,"0.4-0.5"
"country_poststrat[94,11]",0.70527481403575,0.7119655,0.500332682568226,0.490621992,-0.1127978,1.5307555,1.00193319571128,2830.05426437503,2689.97352537725,"country_poststrat",94,11,"LY","2022-23",0,"Africa",1,"Libya",-1.45764839756782,"-1",0.281827899844932,"0.2-0.3"
"country_poststrat[95,11]",1.8935327,1.89328,0.0377670464122981,0.0367240020000001,1.8330935,1.9547425,1.00036027949279,1621.28308188906,2834.88258308196,"country_poststrat",95,11,"MA","2022-23",1,"Africa",1,"Morocco",0.640876426673441,"0.5",0.539784589437502,"0.5-0.6"
"country_poststrat[96,11]",1.6562981654975,1.648315,0.50768077216669,0.508213041,0.84137945,2.504926,1.0013433720927,2217.72527950321,2749.58964652824,"country_poststrat",96,11,"MD","2022-23",0,"Europe",4,"Moldova",0.221907980765064,"0",0.488283786539283,"0.4-0.5"
"country_poststrat[97,11]",1.2682212225,1.267755,0.051773110727279,0.0519873689999999,1.1834085,1.35233,1.00332893367115,2210.96907044449,3310.67577610004,"country_poststrat",97,11,"ME","2022-23",1,"Europe",4,"Montenegro",-0.463455952616325,"0",0.404036886345892,"0.4-0.5"
"country_poststrat[98,11]",1.8125558375,1.814325,0.0617670803993022,0.064063146,1.710999,1.912913,1.00082569233233,2302.44695215855,2898.79073236901,"country_poststrat",98,11,"MG","2022-23",1,"Africa",1,"Madagascar",0.497867103400552,"0",0.522205473295435,"0.5-0.6"
"country_poststrat[99,11]",1.74645819,1.74666,0.0510907331609915,0.0505195950000001,1.663384,1.831355,1.00092117600121,2184.21029182269,2989.95522264278,"country_poststrat",99,11,"MK","2022-23",1,"Europe",4,"North Macedonia",0.381135242631003,"0",0.507856458203378,"0.5-0.6"
"country_poststrat[100,11]",2.09832859,2.09787,0.0481970180607617,0.0481622610000001,2.019836,2.177101,1.00156175925383,2383.31477083562,2998.10168030115,"country_poststrat",100,11,"ML","2022-23",1,"Africa",1,"Mali",1.00255655027627,"1",0.584243347465179,"0.5-0.6"
"country_poststrat[101,11]",0.5492533946745,0.546947,0.477570959640873,0.4868999247,-0.21532515,1.3434955,1.00394704293134,2744.88395295138,2633.59565467147,"country_poststrat",101,11,"MM","2022-23",0,"Asia",2,"Myanmar",-1.73319028583161,"-1.5",0.247957500734303,"0.2-0.3"
"country_poststrat[102,11]",1.289489126075,1.275625,0.486714365417294,0.4832571765,0.4932049,2.086369,1.00064726856966,3180.93578013675,3029.02691650857,"country_poststrat",102,11,"MN","2022-23",0,"Asia",2,"Mongolia",-0.425895735984151,"0",0.408653895890356,"0.4-0.5"
"country_poststrat[103,11]",0.7800322315,0.7816805,0.087638217382004,0.086798817,0.6345201,0.9239077,1.00323425711532,1327.45528247536,2168.99938670291,"country_poststrat",103,11,"MR","2022-23",1,"Africa",1,"Mauritania",-1.32562293558858,"-1",0.298056848257018,"0.2-0.3"
"country_poststrat[104,11]",2.5648113325,2.56437,0.0656912051758742,0.0670135199999999,2.4556435,2.669757,1.00185326363246,1540.7644449171,2689.93314472031,"country_poststrat",104,11,"MT","2022-23",1,"Europe",4,"Malta",1.82638917682939,"1.5",0.685511216526881,"0.6-0.7"
"country_poststrat[105,11]",2.3286266725,2.32794,0.0442427121783686,0.0441888930000001,2.256368,2.403701,1.00082548981955,2065.4245074869,2882.26320887972,"country_poststrat",105,11,"MU","2022-23",1,"Africa",1,"Mauritius",1.40927486353975,"1",0.63423832892748,"0.6-0.7"
"country_poststrat[106,11]",3.41227202,3.41058,0.0630382837541939,0.0631068689999999,3.311769,3.519016,1.00364404638651,793.94864444842,2224.5305951875,"country_poststrat",106,11,"MW","2022-23",1,"Africa",1,"Malawi",3.32304853949304,"2+",0.869484877538982,"0.8-0.9"
"country_poststrat[107,11]",3.01738885,3.017115,0.0387983366242511,0.0388218809999999,2.953929,3.0817285,1.0018790318727,919.29584793357,2187.62912951568,"country_poststrat",107,11,"MX","2022-23",1,"North America",5,"Mexico",2.62566445754552,"2+",0.78376042621219,"0.7-0.8"
"country_poststrat[108,11]",1.4683299625,1.46752,0.053848619271277,0.0536404680000001,1.381289,1.555175,1.00616145931249,1699.1666397478,2952.35379700649,"country_poststrat",108,11,"MY","2022-23",1,"Asia",2,"Malaysia",-0.110053578099895,"0",0.447478119716754,"0.4-0.5"
"country_poststrat[109,11]",1.9374309475,1.937305,0.102152396395286,0.10237353,1.771879,2.1078755,1.00167762167759,3489.63809814824,3610.40937339726,"country_poststrat",109,11,"MZ","2022-23",1,"Africa",1,"Mozambique",0.718402999993577,"0.5",0.549314378162469,"0.5-0.6"
"country_poststrat[110,11]",2.09052851,2.091055,0.0538113222006219,0.0536330549999998,2.00139,2.177027,1.0009027942633,3203.60817278326,3511.75295344642,"country_poststrat",110,11,"NAM","2022-23",1,"Africa",1,"Namibia",0.988781205963878,"0.5",0.582550042637057,"0.5-0.6"
"country_poststrat[111,11]",1.56611182,1.565505,0.0526573079686783,0.052009608,1.4783375,1.6511505,1.00196814391313,1601.24884354584,2813.34897282702,"country_poststrat",111,11,"NE","2022-23",1,"Africa",1,"Niger",0.0626342346619422,"0",0.468705400899445,"0.4-0.5"
"country_poststrat[112,11]",1.66014007,1.65988,0.0508110497833899,0.050452878,1.5771465,1.743831,1.003217207435,2556.53989186844,3391.10085563972,"country_poststrat",112,11,"NG","2022-23",1,"Africa",1,"Nigeria",0.228692982628795,"0",0.489117818426554,"0.4-0.5"
"country_poststrat[113,11]",1.859267755,1.862785,0.473673349344866,0.48147435,1.091374,2.6473655,1.00067426195439,2917.13404100771,3210.10247404088,"country_poststrat",113,11,"NI","2022-23",0,"North America",5,"Nicaragua",0.58036276332383,"0.5",0.532346076396119,"0.5-0.6"
"country_poststrat[114,11]",1.63742969,1.637455,0.0317037097806765,0.0318759000000001,1.58613,1.68878,1.00533750425572,1475.61741663771,2904.45246414296,"country_poststrat",114,11,"NL","2022-23",1,"Europe",4,"Netherlands",0.188585278096897,"0",0.484187664363713,"0.4-0.5"
"country_poststrat[115,11]",1.568248275,1.568065,0.061356316830691,0.0632032380000002,1.469167,1.6677195,1.00126653149312,2970.02553957399,3329.09006080381,"country_poststrat",115,11,"NO","2022-23",1,"Europe",4,"Norway",0.0664073245831895,"0",0.469169199933117,"0.4-0.5"
"country_poststrat[116,11]",1.76042841575,1.76045,0.492659383993757,0.484765722,0.94349485,2.5613705,1.00102841866435,2582.65036122146,2693.72849692849,"country_poststrat",116,11,"NP","2022-23",0,"Asia",2,"Nepal",0.405807383151105,"0",0.51088922847143,"0.5-0.6"
"country_poststrat[117,11]",1.4600653565,1.457085,0.482854042773873,0.474076176,0.65959995,2.2694875,1.00056900881221,2577.17106655999,2875.50429547622,"country_poststrat",117,11,"NZ","2022-23",0,"Oceania",6,"New Zealand",-0.124649299330476,"0",0.445683971805153,"0.4-0.5"
"country_poststrat[118,11]",2.851592805,2.85121,0.0689433664109535,0.0688815959999999,2.7381145,2.966866,1.00179779161476,2317.28634636077,3641.18469339503,"country_poststrat",118,11,"PA","2022-23",1,"North America",5,"Panama",2.33286007534596,"2+",0.747768071841207,"0.7-0.8"
"country_poststrat[119,11]",2.609314565,2.6092,0.0494072774358867,0.049548492,2.5281095,2.6900225,1.00106674027802,2471.97508737589,3027.6332505055,"country_poststrat",119,11,"PE","2022-23",1,"South America",7,"Peru",1.90498418491928,"1.5",0.695172340317827,"0.6-0.7"
"country_poststrat[120,11]",1.405372199325,1.39632,0.478084828343247,0.472437903,0.63321815,2.1930595,0.999494453572354,2983.04709280064,2605.36241674546,"country_poststrat",120,11,"PH","2022-23",0,"Asia",2,"Philippines",-0.221240240912764,"0",0.433810736260177,"0.4-0.5"
"country_poststrat[121,11]",0.84271678711625,0.839705,0.496160743756507,0.501081735,0.036910415,1.653574,1.00059247034218,2795.75051480344,2602.99218866517,"country_poststrat",121,11,"PK","2022-23",0,"Asia",2,"Pakistan",-1.21491877144118,"-1",0.311664921593916,"0.3-0.4"
"country_poststrat[122,11]",1.9004938975,1.900655,0.0397003503912723,0.038896011,1.8360435,1.964513,1.00458133826342,1665.24459851365,2550.62256298863,"country_poststrat",122,11,"PL","2022-23",1,"Europe",4,"Poland",0.653170261145528,"0.5",0.541295782827346,"0.5-0.6"
"country_poststrat[123,11]",0.73181493443,0.731928,0.477986094141684,0.4799576502,-0.0548814599999999,1.516661,1.00185935878427,3104.24481016355,2557.19225722993,"country_poststrat",123,11,"PS","2022-23",0,"Asia",2,"Palestina",-1.41077717361588,"-1",0.287589445111458,"0.2-0.3"
"country_poststrat[124,11]",2.30488531,2.30422,0.0394542922728134,0.0398300490000002,2.241817,2.3689435,1.00230964017736,801.550234740677,2215.39536794669,"country_poststrat",124,11,"PT","2022-23",1,"Europe",4,"Portugal",1.36734639064169,"1",0.62908436079543,"0.6-0.7"
"country_poststrat[125,11]",2.0881680775,2.088285,0.0487441632458865,0.0494076449999997,2.010432,2.1704345,1.00138241681752,2148.75064277377,3337.84618877743,"country_poststrat",125,11,"PY","2022-23",1,"South America",7,"Paraguay",0.984612560204649,"0.5",0.582037620745396,"0.5-0.6"
"country_poststrat[126,11]",1.11786709721775,1.1116,1.40995889498777,1.454185971,-1.152555,3.3981975,1.00062265828076,2758.79458708753,2522.4741389634,"country_poststrat",126,11,"QA","2022-23",0,"Asia",2,"Qatar",-0.728989106705887,"-0.5",0.371396789543234,"0.3-0.4"
"country_poststrat[127,11]",1.882841025,1.88271,0.0565544447342928,0.0560496929999998,1.7908515,1.9779645,1.00240926794081,3054.79543513418,3194.24268472054,"country_poststrat",127,11,"RO","2022-23",1,"Europe",4,"Romania",0.621994376181504,"0.5",0.537463553640662,"0.5-0.6"
"country_poststrat[128,11]",1.7833222805,1.783835,0.476617285814951,0.468294036,1.00081325,2.566195,1.00307002637217,2547.16982492371,2253.99320802156,"country_poststrat",128,11,"RS","2022-23",0,"Europe",4,"Serbia",0.446239131232213,"0",0.515859214896639,"0.5-0.6"
"country_poststrat[129,11]",0.82332077,0.8246505,0.104450543309025,0.1015825629,0.64854895,0.99571725,1.00354567763285,1502.96356763095,2123.09124281885,"country_poststrat",129,11,"RU","2022-23",1,"Eurasia",3,"Russia",-1.24917313986629,"-1",0.307454276391651,"0.3-0.4"
"country_poststrat[130,11]",2.2732924285,2.27336,0.492498531550253,0.50341683,1.4680815,3.076643,1.00125549660496,3071.67129192887,2955.24542814978,"country_poststrat",130,11,"RW","2022-23",0,"Africa",1,"Rwanda",1.31155172949937,"1",0.622225921038629,"0.6-0.7"
"country_poststrat[131,11]",1.55874585,1.55878,0.0513828404562344,0.051809457,1.4742545,1.644071,1.0038983235302,1553.00132735866,2444.05509416258,"country_poststrat",131,11,"SA","2022-23",1,"Asia",2,"Saudi Arabia",0.0496255510401435,"0",0.467106336202057,"0.4-0.5"
"country_poststrat[132,11]",0.86468716725,0.8648905,0.0585113092173928,0.0575789949,0.76725205,0.95752495,1.00781025376416,704.10754745622,1579.89793489582,"country_poststrat",132,11,"SD","2022-23",1,"Africa",1,"Sudan",-1.17611794490909,"-1",0.316434430465127,"0.3-0.4"
"country_poststrat[133,11]",2.0429801875,2.04286,0.0385533186027308,0.038799642,1.9800055,2.1059125,1.00138911764487,1898.36951023582,2900.23912387177,"country_poststrat",133,11,"SE","2022-23",1,"Europe",4,"Sweden",0.904808411593313,"0.5",0.572227865933953,"0.5-0.6"
"country_poststrat[134,11]",1.36662431,1.36555,0.04911698346947,0.050830941,1.2839695,1.4450125,1.00625953948499,1724.14905167775,2904.90502172628,"country_poststrat",134,11,"SG","2022-23",1,"Asia",2,"Singapore",-0.289671015575354,"0",0.425399029191332,"0.4-0.5"
"country_poststrat[135,11]",2.10798036,2.10762,0.0391083645824711,0.0388070549999998,2.0452085,2.1737815,1.0048185876226,1097.25765554007,2471.53944828524,"country_poststrat",135,11,"SI","2022-23",1,"Europe",4,"Slovenia",1.01960207480601,"1",0.586338632223915,"0.5-0.6"
"country_poststrat[136,11]",1.5049638575,1.505125,0.0401561544097407,0.039170292,1.4386435,1.5708515,1.00554652197353,1032.47174055954,2585.9802541334,"country_poststrat",136,11,"SK","2022-23",1,"Europe",4,"Slovakia",-0.0453562266459528,"0",0.455430903697997,"0.4-0.5"
"country_poststrat[137,11]",1.9413588775,1.940595,0.0573838847371096,0.0578288129999998,1.847066,2.0359005,1.00099764863387,3156.96573118498,3279.97825023999,"country_poststrat",137,11,"SL","2022-23",1,"Africa",1,"Sierra Leone",0.725339927330855,"0.5",0.550167085164644,"0.5-0.6"
"country_poststrat[138,11]",1.7046973225,1.704935,0.0467614400759374,0.0459383609999999,1.6273785,1.7814425,1.00119102459334,2110.96494616064,3272.81836730465,"country_poststrat",138,11,"SN","2022-23",1,"Africa",1,"Senegal",0.30738339282991,"0",0.498790669318609,"0.4-0.5"
"country_poststrat[139,11]",1.572657899337,1.583275,1.17987397556828,1.1606763903,-0.38087175,3.4611085,1.00144972059609,2990.27798414811,2810.34212752075,"country_poststrat",139,11,"SO","2022-23",0,"Africa",1,"Somalia",0.0741949490088954,"0",0.47012647706105,"0.4-0.5"
"country_poststrat[140,11]",2.5738880475,2.573965,0.0684054861249867,0.0667021739999998,2.458927,2.6863805,1.00117988762878,3241.80838760524,2445.95723594899,"country_poststrat",140,11,"SR","2022-23",1,"South America",7,"Suriname",1.84241912451588,"1.5",0.68748166366755,"0.6-0.7"
"country_poststrat[141,11]",2.0123754875,2.01249,0.0707979413386208,0.072662226,1.8918825,2.1265615,1.00041537836273,3532.62284028983,2922.87345314257,"country_poststrat",141,11,"ST","2022-23",1,"Africa",1,"S√£o Tom√© and Pr√≠ncipe",0.850758930039619,"0.5",0.56558394865705,"0.5-0.6"
"country_poststrat[142,11]",3.204960315,3.204295,0.0578872822147605,0.057680553,3.1101425,3.303135,1.00072186791827,1566.06822826495,2837.26266099397,"country_poststrat",142,11,"SV","2022-23",1,"North America",5,"El Salvador",2.95692535660733,"2+",0.824479965922347,"0.8-0.9"
"country_poststrat[143,11]",1.79252891201,1.79672,1.20669514305885,1.2311932941,-0.17707405,3.748464,1.00003364213528,2445.46638430179,2788.37268659766,"country_poststrat",143,11,"SY","2022-23",0,"Asia",2,"Syria",0.462498518188184,"0",0.517857865370304,"0.5-0.6"
"country_poststrat[144,11]",2.3654256425,2.36573,0.0502352934321454,0.051357264,2.2818565,2.4475755,1.00022821424619,2373.40063823239,3420.18978779081,"country_poststrat",144,11,"SZ","2022-23",1,"Africa",1,"Swaziland",1.47426374597316,"1",0.642226948732779,"0.6-0.7"
"country_poststrat[145,11]",1.729184561475,1.73217,0.520939147787483,0.532386834,0.8600618,2.569914,1.0018304923807,2298.32789492409,2724.93205653307,"country_poststrat",145,11,"TD","2022-23",0,"Africa",1,"Chad",0.350629122122475,"0",0.504106558384329,"0.5-0.6"
"country_poststrat[146,11]",1.974617025,1.97483,0.0503892821003338,0.0507642239999999,1.891252,2.057468,1.00186595936753,2491.58485509778,3043.18620640607,"country_poststrat",146,11,"TG","2022-23",1,"Africa",1,"Togo",0.784075534273948,"0.5",0.557387034413387,"0.5-0.6"
"country_poststrat[147,11]",1.8683700325,1.86873,0.0679670457644838,0.067436061,1.7578655,1.982012,1.00132504899463,4018.7668244626,2972.6558761291,"country_poststrat",147,11,"TH","2022-23",1,"Asia",2,"Thailand",0.596437855706139,"0.5",0.534322072852264,"0.5-0.6"
"country_poststrat[148,11]",1.50967949,1.50837,0.0682901116712948,0.06834786,1.4004085,1.625917,1.00352346994158,2518.58925355151,2577.6827208087,"country_poststrat",148,11,"TJ","2022-23",1,"Asia",2,"Tajikistan",-0.0370281759928588,"0",0.456454611567647,"0.4-0.5"
"country_poststrat[149,11]",0.54119926675,0.542519,0.0690904858987692,0.0674153046,0.42564515,0.651444,1.00463193712429,1075.28307064843,2437.41010242219,"country_poststrat",149,11,"TM","2022-23",1,"Asia",2,"Turkmenistan",-1.7474142919054,"-1.5",0.246209045115788,"0.2-0.3"
"country_poststrat[150,11]",2.088436875,2.088475,0.0494761848529297,0.0499710330000001,2.0087335,2.169941,1.00175337060127,2587.20163425195,3275.1268014517,"country_poststrat",150,11,"TN","2022-23",1,"Africa",1,"Tunisia",0.985087270478494,"0.5",0.582095973493642,"0.5-0.6"
"country_poststrat[151,11]",2.9125929825,2.904925,0.479692781243604,0.489220935,2.1340215,3.6884045,1.0009672090879,2814.95179674794,2672.82763657003,"country_poststrat",151,11,"TR","2022-23",0,"Eurasia",3,"Turkey",2.44058954070776,"2+",0.76101048667247,"0.7-0.8"
"country_poststrat[152,11]",2.6279280425,2.62683,0.0637689280177919,0.0623729820000001,2.522311,2.7347125,1.00084175364077,2075.61910377776,2461.55095157878,"country_poststrat",152,11,"TT","2022-23",1,"North America",5,"Trinidad and Tobago",1.93785654794804,"1.5",0.699213105453427,"0.6-0.7"
"country_poststrat[153,11]",1.72520124475,1.731745,0.476068184896064,0.461177556,0.91521045,2.497734,1.0010954485109,2514.52867851584,2327.82875709968,"country_poststrat",153,11,"TW","2022-23",0,"Asia",2,"Taiwan",0.343594378966998,"0",0.503241827581263,"0.5-0.6"
"country_poststrat[154,11]",2.3885557725,2.388655,0.0525349386803561,0.0521726940000001,2.303415,2.4729245,1.00116347466989,2111.74091991036,2537.75111436154,"country_poststrat",154,11,"TZ","2022-23",1,"Africa",1,"Tanzania",1.51511275069367,"1.5",0.647248225540721,"0.6-0.7"
"country_poststrat[155,11]",1.80896606545,1.80906,0.468211631268448,0.468219906,1.0384015,2.571627,1.00045005787191,3053.18766873466,2922.89622307192,"country_poststrat",155,11,"UA","2022-23",0,"Europe",4,"Ukraine",0.491527380475693,"0",0.52142617637231,"0.5-0.6"
"country_poststrat[156,11]",2.504986925,2.50483,0.0445970221308566,0.0452637779999999,2.4316985,2.5796955,1.00173865975602,1734.73859181754,2533.5351968851,"country_poststrat",156,11,"UG","2022-23",1,"Africa",1,"Uganda",1.72073618203997,"1.5",0.672524047413323,"0.6-0.7"
"country_poststrat[157,11]",1.15295698,1.15347,0.0396181313316536,0.0396298979999999,1.0878475,1.2172525,1.00930251668891,814.74567834968,2167.35164039682,"country_poststrat",157,11,"US","2022-23",1,"North America",5,"United States",-0.667018560608048,"-0.5",0.37901438679011,"0.3-0.4"
"country_poststrat[158,11]",2.44657544,2.446895,0.047527562198671,0.0465536399999998,2.367249,2.5242315,1.00067366795877,2345.70897899823,2962.80203858711,"country_poststrat",158,11,"UY","2022-23",1,"South America",7,"Uruguay",1.61757848139165,"1.5",0.659843607011651,"0.6-0.7"
"country_poststrat[159,11]",1.01889621525,1.020065,0.05914261484977,0.0588221549999999,0.92108025,1.1145805,1.003160496708,2084.09726695129,2867.37321893001,"country_poststrat",159,11,"UZ","2022-23",1,"Asia",2,"Uzbekistan",-0.903776798115008,"-0.5",0.34991138525514,"0.3-0.4"
"country_poststrat[160,11]",2.31969247963,2.33333,0.899476563741792,0.891961812,0.83899355,3.7978805,1.00189001363169,2621.03312683036,2482.98795615993,"country_poststrat",160,11,"VC","2022-23",0,"North America",5,"Saint Vincent and the Grenadines",1.393496617299,"1",0.632298821650357,"0.6-0.7"
"country_poststrat[161,11]",2.2477406,2.24397,0.493884760047315,0.478220043,1.4221065,3.0654395,1.00037005974481,2540.39107570624,2820.8199111762,"country_poststrat",161,11,"VE","2022-23",0,"South America",7,"Venezuela",1.26642588009801,"1",0.616678922217284,"0.6-0.7"
"country_poststrat[162,11]",2.4637042915,2.461185,0.494306290228692,0.493950429,1.6644365,3.2775505,1.00409034422818,2142.48090133558,2258.77177764786,"country_poststrat",162,11,"VN","2022-23",0,"Asia",2,"Vietnam",1.64782891819336,"1.5",0.663562077456202,"0.6-0.7"
"country_poststrat[163,11]",0.19628837552475,0.1999885,0.480369173435122,0.4848494889,-0.5922261,0.986619,1.00072765337398,3281.50958931813,2813.20115375078,"country_poststrat",163,11,"YE","2022-23",0,"Asia",2,"Yemen",-2.35654474745462,"-2",0.171332982641615,"0.1-0.2"
"country_poststrat[164,11]",2.3996581475,2.39915,0.033542185758379,0.0332695440000004,2.3466625,2.4559105,1.00125872279169,1510.29292374035,2371.96094948544,"country_poststrat",164,11,"ZA","2022-23",1,"Africa",1,"South Africa",1.53472011860659,"1.5",0.649658419435029,"0.6-0.7"
"country_poststrat[165,11]",2.6942176125,2.694605,0.0594968366488307,0.0598748010000002,2.5966965,2.790122,1.0008762760121,1657.3588957506,3618.29630046235,"country_poststrat",165,11,"ZM","2022-23",1,"Africa",1,"Zambia",2.05492735376928,"2+",0.713603784643272,"0.7-0.8"
"country_poststrat[166,11]",2.5803195,2.57899,0.0611475364242313,0.0601194300000001,2.480174,2.6814915,1.00291620772111,2521.4464543197,3143.47984466189,"country_poststrat",166,11,"ZW","2022-23",1,"Africa",1,"Zimbabwe",1.85377740194589,"1.5",0.688877855702771,"0.6-0.7"
